[
  {
    "id": 1,
    "content": "Блокноти",
    "type": "text",
    "listId": 3,
    "createdAt": "2025-02-18T01:17:40.000Z",
    "updatedAt": "2025-03-19T21:00:22.000Z",
    "createdById": 1,
    "lastUpdatedById": 1,
    "assignedToId": null
  },
  {
    "id": 2,
    "content": "Сканування",
    "type": "text",
    "listId": 4,
    "createdAt": "2025-02-18T01:17:52.000Z",
    "updatedAt": "2025-02-18T01:17:58.000Z",
    "createdById": 1,
    "lastUpdatedById": 1,
    "assignedToId": null
  },
  {
    "id": 3,
    "content": "Фото на документи",
    "type": "text",
    "listId": 4,
    "createdAt": "2025-02-18T01:18:00.000Z",
    "updatedAt": "2025-02-18T01:18:08.000Z",
    "createdById": 1,
    "lastUpdatedById": 1,
    "assignedToId": null
  },
  {
    "id": 4,
    "content": "Календарі",
    "type": "text",
    "listId": 4,
    "createdAt": "2025-02-18T01:18:10.000Z",
    "updatedAt": "2025-02-18T01:18:16.000Z",
    "createdById": 1,
    "lastUpdatedById": 1,
    "assignedToId": null
  },
  {
    "id": 5,
    "content": "Зробити сортування ",
    "type": "text",
    "listId": 2,
    "createdAt": "2025-02-18T01:18:20.000Z",
    "updatedAt": "2025-03-27T08:15:40.000Z",
    "createdById": 1,
    "lastUpdatedById": 1,
    "assignedToId": null
  },
  {
    "id": 6,
    "content": "фото, перепліт не додається до замовлень",
    "type": "text",
    "listId": 3,
    "createdAt": "2025-02-18T01:18:29.000Z",
    "updatedAt": "2025-02-25T12:02:54.000Z",
    "createdById": 1,
    "lastUpdatedById": 1,
    "assignedToId": null
  },
  {
    "id": 7,
    "content": "Додати завантаження файлів до замовлень та завдань",
    "type": "text",
    "listId": 2,
    "createdAt": "2025-02-18T01:19:27.000Z",
    "updatedAt": "2025-03-20T15:46:20.000Z",
    "createdById": 1,
    "lastUpdatedById": 1,
    "assignedToId": null
  },
  {
    "id": 8,
    "content": "Додати коменти, фото, файли , до замовлень",
    "type": "text",
    "listId": 2,
    "createdAt": "2025-02-18T01:20:04.000Z",
    "updatedAt": "2025-03-20T15:46:15.000Z",
    "createdById": 1,
    "lastUpdatedById": 1,
    "assignedToId": null
  },
  {
    "id": 9,
    "content": "Зробити дизайн прорахунку широкоформату у позначеному місці   (щоб функціонально було як в калькуляторі) Хочемо спробувати з'єднати з нашою прогою,",
    "type": "text",
    "listId": 1,
    "createdAt": "2025-02-18T01:21:04.000Z",
    "updatedAt": "2025-02-23T15:02:35.000Z",
    "createdById": 1,
    "lastUpdatedById": 1,
    "assignedToId": null
  },
  {
    "id": 10,
    "content": "Зробити щоб картинка відкривалась майже на весь екран",
    "type": "text",
    "listId": 3,
    "createdAt": "2025-02-18T01:25:13.000Z",
    "updatedAt": "2025-03-19T21:25:43.000Z",
    "createdById": 1,
    "lastUpdatedById": 1,
    "assignedToId": null
  },
  {
    "id": 11,
    "content": "сделать аккаунт муду",
    "type": "text",
    "listId": 1,
    "createdAt": "2025-02-28T17:03:02.000Z",
    "updatedAt": "2025-03-19T20:41:03.000Z",
    "createdById": 1,
    "lastUpdatedById": 1,
    "assignedToId": null
  },
  {
    "id": 12,
    "content": "кнопку нове замовлення зробити біля пошуку",
    "type": "text",
    "listId": 3,
    "createdAt": "2025-02-28T17:03:59.000Z",
    "updatedAt": "2025-03-05T10:22:51.000Z",
    "createdById": 1,
    "lastUpdatedById": 1,
    "assignedToId": null
  },
  {
    "id": 13,
    "content": "пщош",
    "type": "text",
    "listId": 3,
    "createdAt": "2025-02-28T17:04:40.000Z",
    "updatedAt": "2025-03-04T02:10:01.000Z",
    "createdById": 1,
    "lastUpdatedById": 1,
    "assignedToId": null
  },
  {
    "id": 14,
    "content": "не оновлює ціну у брошуровці",
    "type": "text",
    "listId": 3,
    "createdAt": "2025-03-04T02:09:18.000Z",
    "updatedAt": "2025-03-19T20:40:56.000Z",
    "createdById": 1,
    "lastUpdatedById": 1,
    "assignedToId": null
  },
  {
    "id": 15,
    "content": "",
    "type": "text",
    "listId": 3,
    "createdAt": "2025-03-04T05:23:29.000Z",
    "updatedAt": "2025-03-04T05:23:29.000Z",
    "createdById": 1,
    "lastUpdatedById": 1,
    "assignedToId": null
  },
  {
    "id": 17,
    "content": "Зробити лайфхаки",
    "type": "text",
    "listId": 1,
    "createdAt": "2025-04-01T07:19:11.000Z",
    "updatedAt": "2025-04-01T07:19:25.000Z",
    "createdById": 1,
    "lastUpdatedById": 1,
    "assignedToId": null
  },
  {
    "id": 18,
    "content": "При нажатии на заказ сформированый, сделать возможность  изминяь",
    "type": "text",
    "listId": 1,
    "createdAt": "2025-04-03T16:57:54.000Z",
    "updatedAt": "2025-04-03T16:59:59.000Z",
    "createdById": 1,
    "lastUpdatedById": 1,
    "assignedToId": null
  },
  {
    "id": 19,
    "content": "за замовчуваням- крейда. скидуєься папір",
    "type": "text",
    "listId": 1,
    "createdAt": "2025-04-09T13:11:59.000Z",
    "updatedAt": "2025-04-09T13:12:21.000Z",
    "createdById": 1,
    "lastUpdatedById": 1,
    "assignedToId": null
  }
]