[
  {
    "id": 1,
    "fileLink": "1_01.pdf",
    "fileName": "01.pdf",
    "whatTheServiceForPhotoContains": null,
    "createdAt": "2025-03-20T05:44:22.000Z",
    "updatedAt": "2025-03-20T05:44:22.000Z",
    "createdById": 1,
    "orderId": 1
  },
  {
    "id": 2,
    "fileLink": "2_1111111111111111111111111111111111111111111111111111111111111111111111111111111111111111.upg",
    "fileName": "1111111111111111111111111111111111111111111111111111111111111111111111111111111111111111.upg",
    "whatTheServiceForPhotoContains": null,
    "createdAt": "2025-03-20T05:45:20.000Z",
    "updatedAt": "2025-03-20T05:45:20.000Z",
    "createdById": 1,
    "orderId": 118
  },
  {
    "id": 3,
    "fileLink": "3_LM-Studio-0.3.14-5-x64.exe",
    "fileName": "LM-Studio-0.3.14-5-x64.exe",
    "whatTheServiceForPhotoContains": null,
    "createdAt": "2025-04-04T02:46:16.000Z",
    "updatedAt": "2025-04-04T02:46:16.000Z",
    "createdById": 1,
    "orderId": 167
  }
]