[
  {
    "id": 1,
    "photoLink": "1_image.png",
    "photoName": null,
    "whatTheServiceForPhotoContains": null,
    "cardId": 9,
    "createdAt": "2025-02-18T01:23:02.000Z",
    "updatedAt": "2025-02-18T01:23:02.000Z",
    "createdById": 1
  },
  {
    "id": 2,
    "photoLink": "2_{88354DFE-CE3B-4759-83F3-4ECB263BFF41}.png",
    "photoName": null,
    "whatTheServiceForPhotoContains": null,
    "cardId": 13,
    "createdAt": "2025-02-28T17:04:47.000Z",
    "updatedAt": "2025-02-28T17:04:47.000Z",
    "createdById": 1
  }
]