[
  {
    "id": 1,
    "title": "Нові завдання",
    "createdAt": "2025-02-18T01:17:04.000Z",
    "updatedAt": "2025-02-18T01:17:04.000Z",
    "createdById": 1,
    "assignedToId": null
  },
  {
    "id": 2,
    "title": "У процесі виконання",
    "createdAt": "2025-02-18T01:17:11.000Z",
    "updatedAt": "2025-02-18T01:17:11.000Z",
    "createdById": 1,
    "assignedToId": null
  },
  {
    "id": 3,
    "title": "Завершені",
    "createdAt": "2025-02-18T01:17:17.000Z",
    "updatedAt": "2025-02-18T01:17:17.000Z",
    "createdById": 1,
    "assignedToId": null
  },
  {
    "id": 4,
    "title": "Міше",
    "createdAt": "2025-02-18T01:17:22.000Z",
    "updatedAt": "2025-02-18T01:17:22.000Z",
    "createdById": 1,
    "assignedToId": null
  }
]