[
  {
    "id": 201,
    "article": "0001",
    "name": "Кольоровий друк A4",
    "type": "Друк",
    "typeUse": "Кольоровий",
    "description": null,
    "quantity": 1000,
    "amount": 1001,
    "amountAll": 1002,
    "unit": "Шт",
    "thickness": "0",
    "cost": "5",
    "price1": "20",
    "price2": "15",
    "price3": "12",
    "price4": "10",
    "price5": "8",
    "x": "210",
    "y": "297",
    "created": null,
    "createdAt": "2024-11-11T09:58:35.000Z",
    "updatedAt": "2025-03-05T10:08:00.000Z"
  },
  {
    "id": 202,
    "article": "0001",
    "name": "Кольоровий друк А3+",
    "type": "Друк",
    "typeUse": "Кольоровий",
    "description": null,
    "quantity": 1000,
    "amount": 1001,
    "amountAll": 1002,
    "unit": "Шт",
    "thickness": "0",
    "cost": "5",
    "price1": "50",
    "price2": "40",
    "price3": "30",
    "price4": "20",
    "price5": "16",
    "x": "310",
    "y": "440",
    "created": null,
    "createdAt": "2024-11-11T09:58:35.000Z",
    "updatedAt": "2025-01-15T22:48:18.000Z"
  },
  {
    "id": 203,
    "article": "0003",
    "name": "Чорно-білий друк А3",
    "type": "Друк",
    "typeUse": "Чорнобілий",
    "description": null,
    "quantity": 1001,
    "amount": 1002,
    "amountAll": 1003,
    "unit": "Шт",
    "thickness": "0",
    "cost": "0.125",
    "price1": "7",
    "price2": "5.5",
    "price3": "6",
    "price4": "4.5",
    "price5": "4.5",
    "x": "297",
    "y": "420",
    "created": null,
    "createdAt": "2024-11-11T09:58:35.000Z",
    "updatedAt": "2025-03-05T10:12:36.000Z"
  },
  {
    "id": 204,
    "article": "0003",
    "name": "Чорно-білий друк А4",
    "type": "Друк",
    "typeUse": "Чорнобілий",
    "description": null,
    "quantity": 1001,
    "amount": 1002,
    "amountAll": 1003,
    "unit": "Шт",
    "thickness": "0",
    "cost": "0.125",
    "price1": "5",
    "price2": "4",
    "price3": "4",
    "price4": "3",
    "price5": "2.5",
    "x": "210",
    "y": "297",
    "created": null,
    "createdAt": "2024-11-11T09:58:35.000Z",
    "updatedAt": "2024-11-11T09:58:35.000Z"
  },
  {
    "id": 205,
    "article": "0006",
    "name": "Широкоформатний друк",
    "type": "Друк",
    "typeUse": "Широкоформат",
    "description": null,
    "quantity": 1002,
    "amount": 1003,
    "amountAll": 1004,
    "unit": "м2",
    "thickness": "0",
    "cost": "15",
    "price1": "400",
    "price2": "350",
    "price3": "320",
    "price4": "300",
    "price5": "290",
    "x": "1000",
    "y": "1000",
    "created": null,
    "createdAt": "2024-11-11T09:58:35.000Z",
    "updatedAt": "2024-11-11T09:58:35.000Z"
  },
  {
    "id": 206,
    "article": "0001",
    "name": "Офісний папір А4",
    "type": "Папір",
    "typeUse": "Офісний",
    "description": null,
    "quantity": 1003,
    "amount": 1004,
    "amountAll": 1005,
    "unit": "Шт",
    "thickness": "90",
    "cost": "0",
    "price1": "0",
    "price2": "0",
    "price3": "0",
    "price4": "0",
    "price5": "0",
    "x": "210",
    "y": "297",
    "created": null,
    "createdAt": "2024-11-11T09:58:35.000Z",
    "updatedAt": "2025-02-07T00:14:30.000Z"
  },
  {
    "id": 207,
    "article": "0001",
    "name": "Офісний папір А3",
    "type": "Папір",
    "typeUse": "Офісний",
    "description": null,
    "quantity": 1003,
    "amount": 1004,
    "amountAll": 1005,
    "unit": "Шт",
    "thickness": "90",
    "cost": "1",
    "price1": "3",
    "price2": "2.5",
    "price3": "2",
    "price4": "1.5",
    "price5": "1.5",
    "x": "297",
    "y": "420",
    "created": null,
    "createdAt": "2024-11-11T09:58:35.000Z",
    "updatedAt": "2025-03-05T10:10:48.000Z"
  },
  {
    "id": 208,
    "article": "0002",
    "name": "Color Copy (DNS), Munken",
    "type": "Папір",
    "typeUse": "Тонкий",
    "description": null,
    "quantity": 1004,
    "amount": 1005,
    "amountAll": 1006,
    "unit": "Шт",
    "thickness": "140",
    "cost": "5",
    "price1": "17.5",
    "price2": "15",
    "price3": "12.5",
    "price4": "10",
    "price5": "9",
    "x": "297",
    "y": "420",
    "created": null,
    "createdAt": "2024-11-11T09:58:35.000Z",
    "updatedAt": "2024-11-11T09:58:35.000Z"
  },
  {
    "id": 209,
    "article": "0003",
    "name": "Крейдований",
    "type": "Папір",
    "typeUse": "Тонкий",
    "description": null,
    "quantity": 1005,
    "amount": 1006,
    "amountAll": 1007,
    "unit": "Шт",
    "thickness": "128",
    "cost": "5",
    "price1": "7",
    "price2": "7",
    "price3": "7",
    "price4": "6",
    "price5": "6",
    "x": "297",
    "y": "420",
    "created": null,
    "createdAt": "2024-11-11T09:58:35.000Z",
    "updatedAt": "2025-02-15T13:42:49.000Z"
  },
  {
    "id": 210,
    "article": "0004",
    "name": "Arena",
    "type": "Папір",
    "typeUse": "Тонкий",
    "description": null,
    "quantity": 1006,
    "amount": 1007,
    "amountAll": 1008,
    "unit": "Шт",
    "thickness": "120",
    "cost": "7.5",
    "price1": "26.25",
    "price2": "22.5",
    "price3": "18.75",
    "price4": "15",
    "price5": "13.5",
    "x": "297",
    "y": "420",
    "created": null,
    "createdAt": "2024-11-11T09:58:35.000Z",
    "updatedAt": "2024-11-11T09:58:35.000Z"
  },
  {
    "id": 211,
    "article": "0005",
    "name": "Artelibris",
    "type": "Папір",
    "typeUse": "Тонкий",
    "description": null,
    "quantity": 1007,
    "amount": 1008,
    "amountAll": 1009,
    "unit": "Шт",
    "thickness": "120",
    "cost": "15",
    "price1": "52.5",
    "price2": "45",
    "price3": "37.5",
    "price4": "30",
    "price5": "27",
    "x": "297",
    "y": "420",
    "created": null,
    "createdAt": "2024-11-11T09:58:35.000Z",
    "updatedAt": "2024-11-11T09:58:35.000Z"
  },
  {
    "id": 212,
    "article": "0006",
    "name": "Astroprint",
    "type": "Папір",
    "typeUse": "Тонкий",
    "description": null,
    "quantity": 1008,
    "amount": 1009,
    "amountAll": 1010,
    "unit": "Шт",
    "thickness": "120",
    "cost": "22.5",
    "price1": "78.75",
    "price2": "67.5",
    "price3": "56.25",
    "price4": "45",
    "price5": "40.5",
    "x": "297",
    "y": "420",
    "created": null,
    "createdAt": "2024-11-11T09:58:35.000Z",
    "updatedAt": "2024-11-11T09:58:35.000Z"
  },
  {
    "id": 213,
    "article": "0007",
    "name": "Boheme",
    "type": "Папір",
    "typeUse": "Тонкий",
    "description": null,
    "quantity": 1009,
    "amount": 1010,
    "amountAll": 1011,
    "unit": "Шт",
    "thickness": "120",
    "cost": "38.25",
    "price1": "133.875",
    "price2": "114.75",
    "price3": "95.625",
    "price4": "76.5",
    "price5": "68.85",
    "x": "297",
    "y": "420",
    "created": null,
    "createdAt": "2024-11-11T09:58:35.000Z",
    "updatedAt": "2024-11-11T09:58:35.000Z"
  },
  {
    "id": 214,
    "article": "0008",
    "name": "Chagall",
    "type": "Папір",
    "typeUse": "Тонкий",
    "description": null,
    "quantity": 1010,
    "amount": 1011,
    "amountAll": 1012,
    "unit": "Шт",
    "thickness": "130",
    "cost": "15",
    "price1": "52.5",
    "price2": "45",
    "price3": "37.5",
    "price4": "30",
    "price5": "27",
    "x": "297",
    "y": "420",
    "created": null,
    "createdAt": "2024-11-11T09:58:35.000Z",
    "updatedAt": "2024-11-11T09:58:35.000Z"
  },
  {
    "id": 215,
    "article": "0009",
    "name": "Cocktail",
    "type": "Папір",
    "typeUse": "Тонкий",
    "description": null,
    "quantity": 1011,
    "amount": 1012,
    "amountAll": 1013,
    "unit": "Шт",
    "thickness": "120",
    "cost": "22",
    "price1": "77",
    "price2": "66",
    "price3": "55",
    "price4": "44",
    "price5": "39.6",
    "x": "297",
    "y": "420",
    "created": null,
    "createdAt": "2024-11-11T09:58:35.000Z",
    "updatedAt": "2024-11-11T09:58:35.000Z"
  },
  {
    "id": 216,
    "article": "0010",
    "name": "Constellation",
    "type": "Папір",
    "typeUse": "Тонкий",
    "description": null,
    "quantity": 1012,
    "amount": 1013,
    "amountAll": 1014,
    "unit": "Шт",
    "thickness": "130",
    "cost": "30.5",
    "price1": "106.75",
    "price2": "91.5",
    "price3": "76.25",
    "price4": "61",
    "price5": "54.9",
    "x": "297",
    "y": "420",
    "created": null,
    "createdAt": "2024-11-11T09:58:35.000Z",
    "updatedAt": "2024-11-11T09:58:35.000Z"
  },
  {
    "id": 217,
    "article": "0011",
    "name": "Creative board",
    "type": "Папір",
    "typeUse": "Тонкий",
    "description": null,
    "quantity": 1013,
    "amount": 1014,
    "amountAll": 1015,
    "unit": "Шт",
    "thickness": "120",
    "cost": "8",
    "price1": "28",
    "price2": "24",
    "price3": "20",
    "price4": "16",
    "price5": "14.4",
    "x": "297",
    "y": "420",
    "created": null,
    "createdAt": "2024-11-11T09:58:35.000Z",
    "updatedAt": "2024-11-11T09:58:35.000Z"
  },
  {
    "id": 218,
    "article": "0012",
    "name": "Dali",
    "type": "Папір",
    "typeUse": "Тонкий",
    "description": null,
    "quantity": 1014,
    "amount": 1015,
    "amountAll": 1016,
    "unit": "Шт",
    "thickness": "120",
    "cost": "30.5",
    "price1": "106.75",
    "price2": "91.5",
    "price3": "76.25",
    "price4": "61",
    "price5": "54.9",
    "x": "297",
    "y": "420",
    "created": null,
    "createdAt": "2024-11-11T09:58:35.000Z",
    "updatedAt": "2024-11-11T09:58:35.000Z"
  },
  {
    "id": 219,
    "article": "0013",
    "name": "Flora",
    "type": "Папір",
    "typeUse": "Тонкий",
    "description": null,
    "quantity": 1015,
    "amount": 1016,
    "amountAll": 1017,
    "unit": "Шт",
    "thickness": "100",
    "cost": "10.5",
    "price1": "36.75",
    "price2": "31.5",
    "price3": "26.25",
    "price4": "21",
    "price5": "18.9",
    "x": "297",
    "y": "420",
    "created": null,
    "createdAt": "2024-11-11T09:58:35.000Z",
    "updatedAt": "2024-11-11T09:58:35.000Z"
  },
  {
    "id": 220,
    "article": "0014",
    "name": "GSK EW",
    "type": "Папір",
    "typeUse": "Тонкий",
    "description": null,
    "quantity": 1016,
    "amount": 1017,
    "amountAll": 1018,
    "unit": "Шт",
    "thickness": "100",
    "cost": "19.25",
    "price1": "67.375",
    "price2": "57.75",
    "price3": "48.125",
    "price4": "38.5",
    "price5": "34.65",
    "x": "297",
    "y": "420",
    "created": null,
    "createdAt": "2024-11-11T09:58:35.000Z",
    "updatedAt": "2024-11-11T09:58:35.000Z"
  },
  {
    "id": 221,
    "article": "0015",
    "name": "Iceblink",
    "type": "Папір",
    "typeUse": "Тонкий",
    "description": null,
    "quantity": 1017,
    "amount": 1018,
    "amountAll": 1019,
    "unit": "Шт",
    "thickness": "90",
    "cost": "7",
    "price1": "24.5",
    "price2": "21",
    "price3": "17.5",
    "price4": "14",
    "price5": "12.6",
    "x": "297",
    "y": "420",
    "created": null,
    "createdAt": "2024-11-11T09:58:35.000Z",
    "updatedAt": "2024-11-11T09:58:35.000Z"
  },
  {
    "id": 222,
    "article": "0016",
    "name": "Imitlin",
    "type": "Папір",
    "typeUse": "Тонкий",
    "description": null,
    "quantity": 1018,
    "amount": 1019,
    "amountAll": 1020,
    "unit": "Шт",
    "thickness": "120",
    "cost": "5.4",
    "price1": "18.9",
    "price2": "16.2",
    "price3": "13.5",
    "price4": "10.8",
    "price5": "9.72",
    "x": "297",
    "y": "420",
    "created": null,
    "createdAt": "2024-11-11T09:58:35.000Z",
    "updatedAt": "2024-11-11T09:58:35.000Z"
  },
  {
    "id": 223,
    "article": "0017",
    "name": "Ispira",
    "type": "Папір",
    "typeUse": "Тонкий",
    "description": null,
    "quantity": 1019,
    "amount": 1020,
    "amountAll": 1021,
    "unit": "Шт",
    "thickness": "120",
    "cost": "26.75",
    "price1": "93.625",
    "price2": "80.25",
    "price3": "66.875",
    "price4": "53.5",
    "price5": "48.15",
    "x": "297",
    "y": "420",
    "created": null,
    "createdAt": "2024-11-11T09:58:35.000Z",
    "updatedAt": "2024-11-11T09:58:35.000Z"
  },
  {
    "id": 224,
    "article": "0018",
    "name": "Malmero",
    "type": "Папір",
    "typeUse": "Тонкий",
    "description": null,
    "quantity": 1020,
    "amount": 1021,
    "amountAll": 1022,
    "unit": "Шт",
    "thickness": "120",
    "cost": "53",
    "price1": "185.5",
    "price2": "159",
    "price3": "132.5",
    "price4": "106",
    "price5": "95.4",
    "x": "297",
    "y": "420",
    "created": null,
    "createdAt": "2024-11-11T09:58:35.000Z",
    "updatedAt": "2024-11-11T09:58:35.000Z"
  },
  {
    "id": 225,
    "article": "0019",
    "name": "Materica",
    "type": "Папір",
    "typeUse": "Тонкий",
    "description": null,
    "quantity": 1021,
    "amount": 1022,
    "amountAll": 1023,
    "unit": "Шт",
    "thickness": "120",
    "cost": "13",
    "price1": "45.5",
    "price2": "39",
    "price3": "32.5",
    "price4": "26",
    "price5": "23.4",
    "x": "297",
    "y": "420",
    "created": null,
    "createdAt": "2024-11-11T09:58:35.000Z",
    "updatedAt": "2024-11-11T09:58:35.000Z"
  },
  {
    "id": 226,
    "article": "0020",
    "name": "Natural Evolution",
    "type": "Папір",
    "typeUse": "Тонкий",
    "description": null,
    "quantity": 1022,
    "amount": 1023,
    "amountAll": 1024,
    "unit": "Шт",
    "thickness": "120",
    "cost": "12",
    "price1": "42",
    "price2": "36",
    "price3": "30",
    "price4": "24",
    "price5": "21.6",
    "x": "297",
    "y": "420",
    "created": null,
    "createdAt": "2024-11-11T09:58:35.000Z",
    "updatedAt": "2024-11-11T09:58:35.000Z"
  },
  {
    "id": 227,
    "article": "0021",
    "name": "Nettuno",
    "type": "Папір",
    "typeUse": "Тонкий",
    "description": null,
    "quantity": 1023,
    "amount": 1024,
    "amountAll": 1025,
    "unit": "Шт",
    "thickness": "120-140",
    "cost": "15",
    "price1": "52.5",
    "price2": "45",
    "price3": "37.5",
    "price4": "30",
    "price5": "27",
    "x": "297",
    "y": "420",
    "created": null,
    "createdAt": "2024-11-11T09:58:35.000Z",
    "updatedAt": "2024-11-11T09:58:35.000Z"
  },
  {
    "id": 228,
    "article": "0022",
    "name": "Pergamenata",
    "type": "Папір",
    "typeUse": "Тонкий",
    "description": null,
    "quantity": 1024,
    "amount": 1025,
    "amountAll": 1026,
    "unit": "Шт",
    "thickness": "115",
    "cost": "28.75",
    "price1": "100.625",
    "price2": "86.25",
    "price3": "71.875",
    "price4": "57.5",
    "price5": "51.75",
    "x": "297",
    "y": "420",
    "created": null,
    "createdAt": "2024-11-11T09:58:35.000Z",
    "updatedAt": "2024-11-11T09:58:35.000Z"
  },
  {
    "id": 229,
    "article": "0023",
    "name": "Plike",
    "type": "Папір",
    "typeUse": "Тонкий",
    "description": null,
    "quantity": 1025,
    "amount": 1026,
    "amountAll": 1027,
    "unit": "Шт",
    "thickness": "120-140",
    "cost": "26.25",
    "price1": "91.875",
    "price2": "78.75",
    "price3": "65.625",
    "price4": "52.5",
    "price5": "47.25",
    "x": "297",
    "y": "420",
    "created": null,
    "createdAt": "2024-11-11T09:58:35.000Z",
    "updatedAt": "2024-11-11T09:58:35.000Z"
  },
  {
    "id": 230,
    "article": "0024",
    "name": "Security lune",
    "type": "Папір",
    "typeUse": "Тонкий",
    "description": null,
    "quantity": 1026,
    "amount": 1027,
    "amountAll": 1028,
    "unit": "Шт",
    "thickness": "90",
    "cost": "44",
    "price1": "154",
    "price2": "132",
    "price3": "110",
    "price4": "88",
    "price5": "79.2",
    "x": "297",
    "y": "420",
    "created": null,
    "createdAt": "2024-11-11T09:58:35.000Z",
    "updatedAt": "2024-11-11T09:58:35.000Z"
  },
  {
    "id": 231,
    "article": "0025",
    "name": "Sirio",
    "type": "Папір",
    "typeUse": "Тонкий",
    "description": null,
    "quantity": 1027,
    "amount": 1028,
    "amountAll": 1029,
    "unit": "Шт",
    "thickness": "115",
    "cost": "55",
    "price1": "192.5",
    "price2": "165",
    "price3": "137.5",
    "price4": "110",
    "price5": "99",
    "x": "297",
    "y": "420",
    "created": null,
    "createdAt": "2024-11-11T09:58:35.000Z",
    "updatedAt": "2024-11-11T09:58:35.000Z"
  },
  {
    "id": 232,
    "article": "0026",
    "name": "Sirio pearl",
    "type": "Папір",
    "typeUse": "Тонкий",
    "description": null,
    "quantity": 1028,
    "amount": 1029,
    "amountAll": 1030,
    "unit": "Шт",
    "thickness": "125",
    "cost": "19.25",
    "price1": "67.375",
    "price2": "57.75",
    "price3": "48.125",
    "price4": "38.5",
    "price5": "34.65",
    "x": "297",
    "y": "420",
    "created": null,
    "createdAt": "2024-11-11T09:58:35.000Z",
    "updatedAt": "2024-11-11T09:58:35.000Z"
  },
  {
    "id": 233,
    "article": "0027",
    "name": "SplendorGel",
    "type": "Папір",
    "typeUse": "Тонкий",
    "description": null,
    "quantity": 1029,
    "amount": 1030,
    "amountAll": 1031,
    "unit": "Шт",
    "thickness": "100-140",
    "cost": "8.25",
    "price1": "28.875",
    "price2": "24.75",
    "price3": "20.625",
    "price4": "16.5",
    "price5": "14.85",
    "x": "297",
    "y": "420",
    "created": null,
    "createdAt": "2024-11-11T09:58:35.000Z",
    "updatedAt": "2024-11-11T09:58:35.000Z"
  },
  {
    "id": 234,
    "article": "0028",
    "name": "Stardream",
    "type": "Папір",
    "typeUse": "Тонкий",
    "description": null,
    "quantity": 1030,
    "amount": 1031,
    "amountAll": 1032,
    "unit": "Шт",
    "thickness": "120",
    "cost": "13.75",
    "price1": "48.125",
    "price2": "41.25",
    "price3": "34.375",
    "price4": "27.5",
    "price5": "24.75",
    "x": "297",
    "y": "420",
    "created": null,
    "createdAt": "2024-11-11T09:58:35.000Z",
    "updatedAt": "2024-11-11T09:58:35.000Z"
  },
  {
    "id": 235,
    "article": "0029",
    "name": "Tintoretto",
    "type": "Папір",
    "typeUse": "Тонкий",
    "description": null,
    "quantity": 1031,
    "amount": 1032,
    "amountAll": 1033,
    "unit": "Шт",
    "thickness": "95-140",
    "cost": "9.25",
    "price1": "32.375",
    "price2": "27.75",
    "price3": "23.125",
    "price4": "18.5",
    "price5": "16.65",
    "x": "297",
    "y": "420",
    "created": null,
    "createdAt": "2024-11-11T09:58:35.000Z",
    "updatedAt": "2024-11-11T09:58:35.000Z"
  },
  {
    "id": 236,
    "article": "0030",
    "name": "Woodstock",
    "type": "Папір",
    "typeUse": "Тонкий",
    "description": null,
    "quantity": 1032,
    "amount": 1033,
    "amountAll": 1034,
    "unit": "Шт",
    "thickness": "80-110",
    "cost": "8",
    "price1": "28",
    "price2": "24",
    "price3": "20",
    "price4": "16",
    "price5": "14.4",
    "x": "297",
    "y": "420",
    "created": null,
    "createdAt": "2024-11-11T09:58:35.000Z",
    "updatedAt": "2024-11-11T09:58:35.000Z"
  },
  {
    "id": 237,
    "article": "0031",
    "name": "Color Copy (DNS), Munken",
    "type": "Папір",
    "typeUse": "Середній",
    "description": null,
    "quantity": 1033,
    "amount": 1034,
    "amountAll": 1035,
    "unit": "Шт",
    "thickness": "145-240",
    "cost": "4.8",
    "price1": "20",
    "price2": "20",
    "price3": "15",
    "price4": "12",
    "price5": "10",
    "x": "297",
    "y": "420",
    "created": null,
    "createdAt": "2024-11-11T09:58:35.000Z",
    "updatedAt": "2024-11-11T09:58:35.000Z"
  },
  {
    "id": 238,
    "article": "0032",
    "name": "Крейдований",
    "type": "Папір",
    "typeUse": "Середній",
    "description": null,
    "quantity": 1034,
    "amount": 1035,
    "amountAll": 1036,
    "unit": "Шт",
    "thickness": "150-200",
    "cost": "4",
    "price1": "7",
    "price2": "7",
    "price3": "7",
    "price4": "7",
    "price5": "7",
    "x": "297",
    "y": "420",
    "created": null,
    "createdAt": "2024-11-11T09:58:35.000Z",
    "updatedAt": "2025-02-15T13:42:39.000Z"
  },
  {
    "id": 239,
    "article": "0033",
    "name": "Arena",
    "type": "Папір",
    "typeUse": "Середній",
    "description": null,
    "quantity": 1035,
    "amount": 1036,
    "amountAll": 1037,
    "unit": "Шт",
    "thickness": "140-200",
    "cost": "12.5",
    "price1": "43.75",
    "price2": "37.5",
    "price3": "31.25",
    "price4": "25",
    "price5": "22.5",
    "x": "297",
    "y": "420",
    "created": null,
    "createdAt": "2024-11-11T09:58:35.000Z",
    "updatedAt": "2024-11-11T09:58:35.000Z"
  },
  {
    "id": 240,
    "article": "0034",
    "name": "Astroprint",
    "type": "Папір",
    "typeUse": "Середній",
    "description": null,
    "quantity": 1036,
    "amount": 1037,
    "amountAll": 1038,
    "unit": "Шт",
    "thickness": "230",
    "cost": "4.5",
    "price1": "15.75",
    "price2": "13.5",
    "price3": "11.25",
    "price4": "9",
    "price5": "8.1",
    "x": "297",
    "y": "420",
    "created": null,
    "createdAt": "2024-11-11T09:58:35.000Z",
    "updatedAt": "2024-11-11T09:58:35.000Z"
  },
  {
    "id": 241,
    "article": "0035",
    "name": "Constellation",
    "type": "Папір",
    "typeUse": "Середній",
    "description": null,
    "quantity": 1037,
    "amount": 1038,
    "amountAll": 1039,
    "unit": "Шт",
    "thickness": "240",
    "cost": "14",
    "price1": "49",
    "price2": "42",
    "price3": "35",
    "price4": "28",
    "price5": "25.2",
    "x": "297",
    "y": "420",
    "created": null,
    "createdAt": "2024-11-11T09:58:35.000Z",
    "updatedAt": "2024-11-11T09:58:35.000Z"
  },
  {
    "id": 242,
    "article": "0036",
    "name": "Dali",
    "type": "Папір",
    "typeUse": "Середній",
    "description": null,
    "quantity": 1038,
    "amount": 1039,
    "amountAll": 1040,
    "unit": "Шт",
    "thickness": "160-200",
    "cost": "50",
    "price1": "175",
    "price2": "150",
    "price3": "125",
    "price4": "100",
    "price5": "90",
    "x": "297",
    "y": "420",
    "created": null,
    "createdAt": "2024-11-11T09:58:35.000Z",
    "updatedAt": "2024-11-11T09:58:35.000Z"
  },
  {
    "id": 243,
    "article": "0037",
    "name": "Flora",
    "type": "Папір",
    "typeUse": "Середній",
    "description": null,
    "quantity": 1039,
    "amount": 1040,
    "amountAll": 1041,
    "unit": "Шт",
    "thickness": "240",
    "cost": "25",
    "price1": "87.5",
    "price2": "75",
    "price3": "62.5",
    "price4": "50",
    "price5": "45",
    "x": "297",
    "y": "420",
    "created": null,
    "createdAt": "2024-11-11T09:58:35.000Z",
    "updatedAt": "2024-11-11T09:58:35.000Z"
  },
  {
    "id": 244,
    "article": "0040",
    "name": "Icelite",
    "type": "Папір",
    "typeUse": "Середній",
    "description": null,
    "quantity": 1040,
    "amount": 1041,
    "amountAll": 1042,
    "unit": "Шт",
    "thickness": "180",
    "cost": "13",
    "price1": "45.5",
    "price2": "39",
    "price3": "32.5",
    "price4": "26",
    "price5": "23.4",
    "x": "297",
    "y": "420",
    "created": null,
    "createdAt": "2024-11-11T09:58:35.000Z",
    "updatedAt": "2024-11-11T09:58:35.000Z"
  },
  {
    "id": 245,
    "article": "0041",
    "name": "Malmero",
    "type": "Папір",
    "typeUse": "Середній",
    "description": null,
    "quantity": 1041,
    "amount": 1042,
    "amountAll": 1043,
    "unit": "Шт",
    "thickness": "165",
    "cost": "20",
    "price1": "70",
    "price2": "60",
    "price3": "50",
    "price4": "40",
    "price5": "36",
    "x": "297",
    "y": "420",
    "created": null,
    "createdAt": "2024-11-11T09:58:35.000Z",
    "updatedAt": "2024-11-11T09:58:35.000Z"
  },
  {
    "id": 246,
    "article": "0042",
    "name": "Nettuno",
    "type": "Папір",
    "typeUse": "Середній",
    "description": null,
    "quantity": 1042,
    "amount": 1043,
    "amountAll": 1044,
    "unit": "Шт",
    "thickness": "215",
    "cost": "18",
    "price1": "63",
    "price2": "54",
    "price3": "45",
    "price4": "36",
    "price5": "32.4",
    "x": "297",
    "y": "420",
    "created": null,
    "createdAt": "2024-11-11T09:58:35.000Z",
    "updatedAt": "2024-11-11T09:58:35.000Z"
  },
  {
    "id": 247,
    "article": "0043",
    "name": "Pergamenata",
    "type": "Папір",
    "typeUse": "Середній",
    "description": null,
    "quantity": 1043,
    "amount": 1044,
    "amountAll": 1045,
    "unit": "Шт",
    "thickness": "230",
    "cost": "48.5",
    "price1": "169.75",
    "price2": "145.5",
    "price3": "121.25",
    "price4": "97",
    "price5": "87.3",
    "x": "297",
    "y": "420",
    "created": null,
    "createdAt": "2024-11-11T09:58:35.000Z",
    "updatedAt": "2024-11-11T09:58:35.000Z"
  },
  {
    "id": 248,
    "article": "0044",
    "name": "Sirio",
    "type": "Папір",
    "typeUse": "Середній",
    "description": null,
    "quantity": 1044,
    "amount": 1045,
    "amountAll": 1046,
    "unit": "Шт",
    "thickness": "210",
    "cost": "25",
    "price1": "87.5",
    "price2": "75",
    "price3": "62.5",
    "price4": "50",
    "price5": "45",
    "x": "297",
    "y": "420",
    "created": null,
    "createdAt": "2024-11-11T09:58:35.000Z",
    "updatedAt": "2024-11-11T09:58:35.000Z"
  },
  {
    "id": 249,
    "article": "0045",
    "name": "Sirio pearl",
    "type": "Папір",
    "typeUse": "Середній",
    "description": null,
    "quantity": 1045,
    "amount": 1046,
    "amountAll": 1047,
    "unit": "Шт",
    "thickness": "230",
    "cost": "36.25",
    "price1": "126.875",
    "price2": "108.75",
    "price3": "90.625",
    "price4": "72.5",
    "price5": "65.25",
    "x": "297",
    "y": "420",
    "created": null,
    "createdAt": "2024-11-11T09:58:35.000Z",
    "updatedAt": "2024-11-11T09:58:35.000Z"
  },
  {
    "id": 250,
    "article": "0046",
    "name": "SplendorGel",
    "type": "Папір",
    "typeUse": "Середній",
    "description": null,
    "quantity": 1046,
    "amount": 1047,
    "amountAll": 1048,
    "unit": "Шт",
    "thickness": "160-230",
    "cost": "12.75",
    "price1": "44.625",
    "price2": "38.25",
    "price3": "31.875",
    "price4": "25.5",
    "price5": "22.95",
    "x": "297",
    "y": "420",
    "created": null,
    "createdAt": "2024-11-11T09:58:35.000Z",
    "updatedAt": "2024-11-11T09:58:35.000Z"
  },
  {
    "id": 251,
    "article": "0046",
    "name": "Tintoretto",
    "type": "Папір",
    "typeUse": "Тонкий",
    "description": null,
    "quantity": 1047,
    "amount": 1048,
    "amountAll": 1049,
    "unit": "Шт",
    "thickness": "90",
    "cost": "8.75",
    "price1": "30.625",
    "price2": "26.25",
    "price3": "21.875",
    "price4": "17.5",
    "price5": "15.75",
    "x": "296",
    "y": "419",
    "created": null,
    "createdAt": "2023-11-11T09:58:35.000Z",
    "updatedAt": "2025-02-04T16:43:29.000Z"
  },
  {
    "id": 252,
    "article": "0047",
    "name": "Tintoretto",
    "type": "Папір",
    "typeUse": "Тонкий",
    "description": null,
    "quantity": 1048,
    "amount": 1049,
    "amountAll": 1050,
    "unit": "Шт",
    "thickness": "140",
    "cost": "13.75",
    "price1": "48.125",
    "price2": "41.25",
    "price3": "34.375",
    "price4": "27.5",
    "price5": "24.75",
    "x": "297",
    "y": "420",
    "created": null,
    "createdAt": "2024-11-11T09:58:35.000Z",
    "updatedAt": "2025-02-04T16:43:25.000Z"
  },
  {
    "id": 253,
    "article": "0098",
    "name": "Color Copy (DNS)",
    "type": "Папір",
    "typeUse": "Цупкий",
    "description": null,
    "quantity": 1049,
    "amount": 1050,
    "amountAll": 1051,
    "unit": "Шт",
    "thickness": "400",
    "cost": "15",
    "price1": "52.5",
    "price2": "45",
    "price3": "37.5",
    "price4": "30",
    "price5": "27",
    "x": "298",
    "y": "421",
    "created": null,
    "createdAt": "2025-11-11T09:58:35.000Z",
    "updatedAt": "2025-02-10T05:39:37.000Z"
  },
  {
    "id": 254,
    "article": "0099",
    "name": "Munken",
    "type": "Папір",
    "typeUse": "Цупкий",
    "description": null,
    "quantity": 1050,
    "amount": 1051,
    "amountAll": 1052,
    "unit": "Шт",
    "thickness": "300",
    "cost": "8",
    "price1": "35",
    "price2": "30",
    "price3": "28",
    "price4": "26",
    "price5": "25",
    "x": "297",
    "y": "420",
    "created": null,
    "createdAt": "2024-11-11T09:58:35.000Z",
    "updatedAt": "2024-11-11T09:58:35.000Z"
  },
  {
    "id": 255,
    "article": "0049",
    "name": "Munken Rouge",
    "type": "Папір",
    "typeUse": "Цупкий",
    "description": null,
    "quantity": 1050,
    "amount": 1051,
    "amountAll": 1052,
    "unit": "Шт",
    "thickness": "300",
    "cost": "8",
    "price1": "40",
    "price2": "40",
    "price3": "35",
    "price4": "30",
    "price5": "25",
    "x": "297",
    "y": "420",
    "created": null,
    "createdAt": "2024-11-11T09:58:35.000Z",
    "updatedAt": "2024-11-11T09:58:35.000Z"
  },
  {
    "id": 256,
    "article": "0050",
    "name": "Крейдований",
    "type": "Папір",
    "typeUse": "Цупкий",
    "description": null,
    "quantity": 1051,
    "amount": 1052,
    "amountAll": 1053,
    "unit": "Шт",
    "thickness": "250-350",
    "cost": "5.6",
    "price1": "10",
    "price2": "10",
    "price3": "10",
    "price4": "10",
    "price5": "10",
    "x": "297",
    "y": "420",
    "created": null,
    "createdAt": "2024-11-11T09:58:35.000Z",
    "updatedAt": "2025-02-15T13:41:57.000Z"
  },
  {
    "id": 257,
    "article": "0051",
    "name": "Arena",
    "type": "Папір",
    "typeUse": "Цупкий",
    "description": null,
    "quantity": 1052,
    "amount": 1053,
    "amountAll": 1054,
    "unit": "Шт",
    "thickness": "300",
    "cost": "16.5",
    "price1": "57.75",
    "price2": "49.5",
    "price3": "41.25",
    "price4": "33",
    "price5": "29.7",
    "x": "297",
    "y": "420",
    "created": null,
    "createdAt": "2024-11-11T09:58:35.000Z",
    "updatedAt": "2024-11-11T09:58:35.000Z"
  },
  {
    "id": 258,
    "article": "0052",
    "name": "Astroprint",
    "type": "Папір",
    "typeUse": "Цупкий",
    "description": null,
    "quantity": 1053,
    "amount": 1054,
    "amountAll": 1055,
    "unit": "Шт",
    "thickness": "280",
    "cost": "22.75",
    "price1": "79.625",
    "price2": "68.25",
    "price3": "56.875",
    "price4": "45.5",
    "price5": "40.95",
    "x": "297",
    "y": "420",
    "created": null,
    "createdAt": "2024-11-11T09:58:35.000Z",
    "updatedAt": "2024-11-11T09:58:35.000Z"
  },
  {
    "id": 259,
    "article": "0053",
    "name": "Boheme",
    "type": "Папір",
    "typeUse": "Цупкий",
    "description": null,
    "quantity": 1054,
    "amount": 1055,
    "amountAll": 1056,
    "unit": "Шт",
    "thickness": "320",
    "cost": "32",
    "price1": "112",
    "price2": "96",
    "price3": "80",
    "price4": "64",
    "price5": "57.6",
    "x": "297",
    "y": "420",
    "created": null,
    "createdAt": "2024-11-11T09:58:35.000Z",
    "updatedAt": "2024-11-11T09:58:35.000Z"
  },
  {
    "id": 260,
    "article": "0054",
    "name": "Chagall",
    "type": "Папір",
    "typeUse": "Цупкий",
    "description": null,
    "quantity": 1055,
    "amount": 1056,
    "amountAll": 1057,
    "unit": "Шт",
    "thickness": "260",
    "cost": "5",
    "price1": "0",
    "price2": "0",
    "price3": "0",
    "price4": "0",
    "price5": "0",
    "x": "297",
    "y": "420",
    "created": null,
    "createdAt": "2024-11-11T09:58:35.000Z",
    "updatedAt": "2024-11-11T09:58:35.000Z"
  },
  {
    "id": 261,
    "article": "0055",
    "name": "Cocktail",
    "type": "Папір",
    "typeUse": "Цупкий",
    "description": null,
    "quantity": 1056,
    "amount": 1057,
    "amountAll": 1058,
    "unit": "Шт",
    "thickness": "290",
    "cost": "53.5",
    "price1": "187.25",
    "price2": "160.5",
    "price3": "133.75",
    "price4": "107",
    "price5": "96.3",
    "x": "297",
    "y": "420",
    "created": null,
    "createdAt": "2024-11-11T09:58:35.000Z",
    "updatedAt": "2024-11-11T09:58:35.000Z"
  },
  {
    "id": 262,
    "article": "0056",
    "name": "Constellation",
    "type": "Папір",
    "typeUse": "Цупкий",
    "description": null,
    "quantity": 1057,
    "amount": 1058,
    "amountAll": 1059,
    "unit": "Шт",
    "thickness": "280-350",
    "cost": "30.25",
    "price1": "105.875",
    "price2": "90.75",
    "price3": "75.625",
    "price4": "60.5",
    "price5": "54.45",
    "x": "297",
    "y": "420",
    "created": null,
    "createdAt": "2024-11-11T09:58:35.000Z",
    "updatedAt": "2024-11-11T09:58:35.000Z"
  },
  {
    "id": 263,
    "article": "0057",
    "name": "Creative board",
    "type": "Папір",
    "typeUse": "Цупкий",
    "description": null,
    "quantity": 1058,
    "amount": 1059,
    "amountAll": 1060,
    "unit": "Шт",
    "thickness": "270-350",
    "cost": "18",
    "price1": "63",
    "price2": "54",
    "price3": "45",
    "price4": "36",
    "price5": "32.4",
    "x": "297",
    "y": "420",
    "created": null,
    "createdAt": "2024-11-11T09:58:35.000Z",
    "updatedAt": "2024-11-11T09:58:35.000Z"
  },
  {
    "id": 264,
    "article": "0058",
    "name": "Dali",
    "type": "Папір",
    "typeUse": "Цупкий",
    "description": null,
    "quantity": 1059,
    "amount": 1060,
    "amountAll": 1061,
    "unit": "Шт",
    "thickness": "285",
    "cost": "60",
    "price1": "210",
    "price2": "180",
    "price3": "150",
    "price4": "120",
    "price5": "108",
    "x": "297",
    "y": "420",
    "created": null,
    "createdAt": "2024-11-11T09:58:35.000Z",
    "updatedAt": "2024-11-11T09:58:35.000Z"
  },
  {
    "id": 265,
    "article": "0059",
    "name": "Flora",
    "type": "Папір",
    "typeUse": "Цупкий",
    "description": null,
    "quantity": 1060,
    "amount": 1061,
    "amountAll": 1062,
    "unit": "Шт",
    "thickness": "350",
    "cost": "36.5",
    "price1": "90",
    "price2": "80",
    "price3": "70",
    "price4": "70",
    "price5": "65.7",
    "x": "297",
    "y": "420",
    "created": null,
    "createdAt": "2024-11-11T09:58:35.000Z",
    "updatedAt": "2025-02-16T16:20:36.000Z"
  },
  {
    "id": 266,
    "article": "0060",
    "name": "Formosa",
    "type": "Папір",
    "typeUse": "Цупкий",
    "description": null,
    "quantity": 1061,
    "amount": 1062,
    "amountAll": 1063,
    "unit": "Шт",
    "thickness": "250",
    "cost": "19.25",
    "price1": "67.375",
    "price2": "57.75",
    "price3": "48.125",
    "price4": "38.5",
    "price5": "34.65",
    "x": "297",
    "y": "420",
    "created": null,
    "createdAt": "2024-11-11T09:58:35.000Z",
    "updatedAt": "2024-11-11T09:58:35.000Z"
  },
  {
    "id": 267,
    "article": "0061",
    "name": "Iceblink",
    "type": "Папір",
    "typeUse": "Цупкий",
    "description": null,
    "quantity": 1062,
    "amount": 1063,
    "amountAll": 1064,
    "unit": "Шт",
    "thickness": "300-350",
    "cost": "22",
    "price1": "77",
    "price2": "66",
    "price3": "55",
    "price4": "44",
    "price5": "39.6",
    "x": "297",
    "y": "420",
    "created": null,
    "createdAt": "2024-11-11T09:58:35.000Z",
    "updatedAt": "2024-11-11T09:58:35.000Z"
  },
  {
    "id": 268,
    "article": "0062",
    "name": "Icelite",
    "type": "Папір",
    "typeUse": "Цупкий",
    "description": null,
    "quantity": 1063,
    "amount": 1064,
    "amountAll": 1065,
    "unit": "Шт",
    "thickness": "250-335",
    "cost": "26.75",
    "price1": "93.625",
    "price2": "80.25",
    "price3": "66.875",
    "price4": "53.5",
    "price5": "48.15",
    "x": "297",
    "y": "420",
    "created": null,
    "createdAt": "2024-11-11T09:58:35.000Z",
    "updatedAt": "2024-11-11T09:58:35.000Z"
  },
  {
    "id": 269,
    "article": "0063",
    "name": "Ispira",
    "type": "Папір",
    "typeUse": "Цупкий",
    "description": null,
    "quantity": 1064,
    "amount": 1065,
    "amountAll": 1066,
    "unit": "Шт",
    "thickness": "350",
    "cost": "53.25",
    "price1": "186.375",
    "price2": "159.75",
    "price3": "133.125",
    "price4": "106.5",
    "price5": "95.85",
    "x": "297",
    "y": "420",
    "created": null,
    "createdAt": "2024-11-11T09:58:35.000Z",
    "updatedAt": "2024-11-11T09:58:35.000Z"
  },
  {
    "id": 270,
    "article": "0064",
    "name": "Ispira",
    "type": "Папір",
    "typeUse": "Цупкий",
    "description": null,
    "quantity": 1065,
    "amount": 1066,
    "amountAll": 1067,
    "unit": "Шт",
    "thickness": "360",
    "cost": "78",
    "price1": "273",
    "price2": "234",
    "price3": "195",
    "price4": "156",
    "price5": "140.4",
    "x": "297",
    "y": "420",
    "created": null,
    "createdAt": "2024-11-11T09:58:35.000Z",
    "updatedAt": "2024-11-11T09:58:35.000Z"
  },
  {
    "id": 271,
    "article": "0065",
    "name": "Malmero",
    "type": "Папір",
    "typeUse": "Цупкий",
    "description": null,
    "quantity": 1066,
    "amount": 1067,
    "amountAll": 1068,
    "unit": "Шт",
    "thickness": "250-300",
    "cost": "40",
    "price1": "140",
    "price2": "120",
    "price3": "100",
    "price4": "80",
    "price5": "72",
    "x": "297",
    "y": "420",
    "created": null,
    "createdAt": "2024-11-11T09:58:35.000Z",
    "updatedAt": "2024-11-11T09:58:35.000Z"
  },
  {
    "id": 272,
    "article": "0066",
    "name": "Materica",
    "type": "Папір",
    "typeUse": "Цупкий",
    "description": null,
    "quantity": 1067,
    "amount": 1068,
    "amountAll": 1069,
    "unit": "Шт",
    "thickness": "360",
    "cost": "38.75",
    "price1": "135.625",
    "price2": "116.25",
    "price3": "96.875",
    "price4": "77.5",
    "price5": "69.75",
    "x": "297",
    "y": "420",
    "created": null,
    "createdAt": "2024-11-11T09:58:35.000Z",
    "updatedAt": "2024-11-11T09:58:35.000Z"
  },
  {
    "id": 273,
    "article": "0067",
    "name": "Natural Evolution",
    "type": "Папір",
    "typeUse": "Цупкий",
    "description": null,
    "quantity": 1068,
    "amount": 1069,
    "amountAll": 1070,
    "unit": "Шт",
    "thickness": "280",
    "cost": "27.75",
    "price1": "97.125",
    "price2": "83.25",
    "price3": "69.375",
    "price4": "55.5",
    "price5": "49.95",
    "x": "297",
    "y": "420",
    "created": null,
    "createdAt": "2024-11-11T09:58:35.000Z",
    "updatedAt": "2024-11-11T09:58:35.000Z"
  },
  {
    "id": 274,
    "article": "0068",
    "name": "Nettuno",
    "type": "Папір",
    "typeUse": "Цупкий",
    "description": null,
    "quantity": 1069,
    "amount": 1070,
    "amountAll": 1071,
    "unit": "Шт",
    "thickness": "280",
    "cost": "32",
    "price1": "112",
    "price2": "96",
    "price3": "80",
    "price4": "64",
    "price5": "57.6",
    "x": "297",
    "y": "420",
    "created": null,
    "createdAt": "2024-11-11T09:58:35.000Z",
    "updatedAt": "2024-11-11T09:58:35.000Z"
  },
  {
    "id": 275,
    "article": "0069",
    "name": "Plike",
    "type": "Папір",
    "typeUse": "Цупкий",
    "description": null,
    "quantity": 1070,
    "amount": 1071,
    "amountAll": 1072,
    "unit": "Шт",
    "thickness": "330",
    "cost": "72.5",
    "price1": "253.75",
    "price2": "217.5",
    "price3": "181.25",
    "price4": "145",
    "price5": "130.5",
    "x": "297",
    "y": "420",
    "created": null,
    "createdAt": "2024-11-11T09:58:35.000Z",
    "updatedAt": "2024-11-11T09:58:35.000Z"
  },
  {
    "id": 276,
    "article": "0070",
    "name": "Sirio",
    "type": "Папір",
    "typeUse": "Цупкий",
    "description": null,
    "quantity": 1071,
    "amount": 1072,
    "amountAll": 1073,
    "unit": "Шт",
    "thickness": "290",
    "cost": "37.5",
    "price1": "131.25",
    "price2": "112.5",
    "price3": "93.75",
    "price4": "75",
    "price5": "67.5",
    "x": "297",
    "y": "420",
    "created": null,
    "createdAt": "2024-11-11T09:58:35.000Z",
    "updatedAt": "2024-11-11T09:58:35.000Z"
  },
  {
    "id": 277,
    "article": "0071",
    "name": "Sirio pearl",
    "type": "Папір",
    "typeUse": "Цупкий",
    "description": null,
    "quantity": 1072,
    "amount": 1073,
    "amountAll": 1074,
    "unit": "Шт",
    "thickness": "300",
    "cost": "57.5",
    "price1": "201.25",
    "price2": "172.5",
    "price3": "143.75",
    "price4": "115",
    "price5": "103.5",
    "x": "297",
    "y": "420",
    "created": null,
    "createdAt": "2024-11-11T09:58:35.000Z",
    "updatedAt": "2024-11-11T09:58:35.000Z"
  },
  {
    "id": 278,
    "article": "0072",
    "name": "Sirio tela",
    "type": "Папір",
    "typeUse": "Цупкий",
    "description": null,
    "quantity": 1073,
    "amount": 1074,
    "amountAll": 1075,
    "unit": "Шт",
    "thickness": "290",
    "cost": "48",
    "price1": "168",
    "price2": "144",
    "price3": "120",
    "price4": "96",
    "price5": "86.4",
    "x": "297",
    "y": "420",
    "created": null,
    "createdAt": "2024-11-11T09:58:35.000Z",
    "updatedAt": "2024-11-11T09:58:35.000Z"
  },
  {
    "id": 279,
    "article": "0073",
    "name": "Slide white",
    "type": "Папір",
    "typeUse": "Цупкий",
    "description": null,
    "quantity": 1074,
    "amount": 1075,
    "amountAll": 1076,
    "unit": "Шт",
    "thickness": "330",
    "cost": "68",
    "price1": "238",
    "price2": "204",
    "price3": "170",
    "price4": "136",
    "price5": "122.4",
    "x": "297",
    "y": "420",
    "created": null,
    "createdAt": "2024-11-11T09:58:35.000Z",
    "updatedAt": "2024-11-11T09:58:35.000Z"
  },
  {
    "id": 280,
    "article": "0074",
    "name": "So…silk",
    "type": "Папір",
    "typeUse": "Цупкий",
    "description": null,
    "quantity": 1075,
    "amount": 1076,
    "amountAll": 1077,
    "unit": "Шт",
    "thickness": "350",
    "cost": "59.5",
    "price1": "208.25",
    "price2": "178.5",
    "price3": "148.75",
    "price4": "119",
    "price5": "107.1",
    "x": "297",
    "y": "420",
    "created": null,
    "createdAt": "2024-11-11T09:58:35.000Z",
    "updatedAt": "2024-11-11T09:58:35.000Z"
  },
  {
    "id": 281,
    "article": "0075",
    "name": "SplendorGel",
    "type": "Папір",
    "typeUse": "Цупкий",
    "description": null,
    "quantity": 1076,
    "amount": 1077,
    "amountAll": 1078,
    "unit": "Шт",
    "thickness": "270-330",
    "cost": "22.5",
    "price1": "78.75",
    "price2": "67.5",
    "price3": "56.25",
    "price4": "45",
    "price5": "40.5",
    "x": "297",
    "y": "420",
    "created": null,
    "createdAt": "2024-11-11T09:58:35.000Z",
    "updatedAt": "2024-11-11T09:58:35.000Z"
  },
  {
    "id": 282,
    "article": "0076",
    "name": "Stardream",
    "type": "Папір",
    "typeUse": "Цупкий",
    "description": null,
    "quantity": 1077,
    "amount": 1078,
    "amountAll": 1079,
    "unit": "Шт",
    "thickness": "285",
    "cost": "51.5",
    "price1": "180.25",
    "price2": "154.5",
    "price3": "128.75",
    "price4": "103",
    "price5": "92.7",
    "x": "297",
    "y": "420",
    "created": null,
    "createdAt": "2024-11-11T09:58:35.000Z",
    "updatedAt": "2024-11-11T09:58:35.000Z"
  },
  {
    "id": 283,
    "article": "0077",
    "name": "Tintoretto",
    "type": "Папір",
    "typeUse": "Цупкий",
    "description": null,
    "quantity": 1078,
    "amount": 1079,
    "amountAll": 1080,
    "unit": "Шт",
    "thickness": "250-300",
    "cost": "29.5",
    "price1": "55",
    "price2": "50",
    "price3": "45",
    "price4": "40",
    "price5": "35",
    "x": "297",
    "y": "420",
    "created": null,
    "createdAt": "2024-11-11T09:58:35.000Z",
    "updatedAt": "2025-02-10T02:21:18.000Z"
  },
  {
    "id": 284,
    "article": "0078",
    "name": "Wild",
    "type": "Папір",
    "typeUse": "Цупкий",
    "description": null,
    "quantity": 1079,
    "amount": 1080,
    "amountAll": 1081,
    "unit": "Шт",
    "thickness": "300",
    "cost": "48.5",
    "price1": "169.75",
    "price2": "145.5",
    "price3": "121.25",
    "price4": "97",
    "price5": "87.3",
    "x": "297",
    "y": "420",
    "created": null,
    "createdAt": "2024-11-11T09:58:35.000Z",
    "updatedAt": "2024-11-11T09:58:35.000Z"
  },
  {
    "id": 285,
    "article": "0079",
    "name": "Woodstock",
    "type": "Папір",
    "typeUse": "Цупкий",
    "description": null,
    "quantity": 1080,
    "amount": 1081,
    "amountAll": 1082,
    "unit": "Шт",
    "thickness": "285",
    "cost": "20.25",
    "price1": "70.875",
    "price2": "60.75",
    "price3": "50.625",
    "price4": "40.5",
    "price5": "36.45",
    "x": "297",
    "y": "420",
    "created": null,
    "createdAt": "2024-11-11T09:58:35.000Z",
    "updatedAt": "2024-11-11T09:58:35.000Z"
  },
  {
    "id": 286,
    "article": "0080",
    "name": "Папір білий",
    "type": "Плівка",
    "typeUse": "Самоклеючі",
    "description": null,
    "quantity": 1081,
    "amount": 1082,
    "amountAll": 1083,
    "unit": "Шт",
    "thickness": "70",
    "cost": "7",
    "price1": "20",
    "price2": "20",
    "price3": "20",
    "price4": "20",
    "price5": "20",
    "x": "297",
    "y": "420",
    "created": null,
    "createdAt": "2024-11-11T09:58:35.000Z",
    "updatedAt": "2025-02-10T02:27:23.000Z"
  },
  {
    "id": 287,
    "article": "0081",
    "name": "Папір Glo",
    "type": "Плівка",
    "typeUse": "Самоклеючі",
    "description": null,
    "quantity": 1082,
    "amount": 1083,
    "amountAll": 1084,
    "unit": "Шт",
    "thickness": "70",
    "cost": "17",
    "price1": "50",
    "price2": "50",
    "price3": "50",
    "price4": "50",
    "price5": "50",
    "x": "297",
    "y": "420",
    "created": null,
    "createdAt": "2024-11-11T09:58:35.000Z",
    "updatedAt": "2025-02-10T02:27:52.000Z"
  },
  {
    "id": 288,
    "article": "0082",
    "name": "Папір крафтовий Eden",
    "type": "Плівка",
    "typeUse": "Самоклеючі",
    "description": null,
    "quantity": 1083,
    "amount": 1084,
    "amountAll": 1085,
    "unit": "Шт",
    "thickness": "90",
    "cost": "30",
    "price1": "60",
    "price2": "60",
    "price3": "60",
    "price4": "60",
    "price5": "60",
    "x": "297",
    "y": "420",
    "created": null,
    "createdAt": "2024-11-11T09:58:35.000Z",
    "updatedAt": "2025-02-10T02:28:23.000Z"
  },
  {
    "id": 289,
    "article": "0083",
    "name": "Винний папір Martele",
    "type": "Плівка",
    "typeUse": "Самоклеючі",
    "description": null,
    "quantity": 1084,
    "amount": 1085,
    "amountAll": 1086,
    "unit": "Шт",
    "thickness": "100",
    "cost": "30",
    "price1": "60",
    "price2": "60",
    "price3": "60",
    "price4": "60",
    "price5": "60",
    "x": "297",
    "y": "420",
    "created": null,
    "createdAt": "2024-11-11T09:58:35.000Z",
    "updatedAt": "2025-02-10T02:28:32.000Z"
  },
  {
    "id": 290,
    "article": "0084",
    "name": "Папір StarLight",
    "type": "Плівка",
    "typeUse": "Самоклеючі",
    "description": null,
    "quantity": 1085,
    "amount": 1086,
    "amountAll": 1087,
    "unit": "Шт",
    "thickness": "100",
    "cost": "30.25",
    "price1": "70",
    "price2": "70",
    "price3": "70",
    "price4": "70",
    "price5": "70",
    "x": "297",
    "y": "420",
    "created": null,
    "createdAt": "2024-11-11T09:58:35.000Z",
    "updatedAt": "2025-02-10T02:29:48.000Z"
  },
  {
    "id": 291,
    "article": "0085",
    "name": "Плівка біла глянцева UPM Raflatac PolyLaser",
    "type": "Плівка",
    "typeUse": "Самоклеючі",
    "description": null,
    "quantity": 1086,
    "amount": 1087,
    "amountAll": 1088,
    "unit": "Шт",
    "thickness": "90",
    "cost": "33",
    "price1": "70",
    "price2": "70",
    "price3": "70",
    "price4": "70",
    "price5": "70",
    "x": "297",
    "y": "420",
    "created": null,
    "createdAt": "2024-11-11T09:58:35.000Z",
    "updatedAt": "2025-02-10T02:29:40.000Z"
  },
  {
    "id": 292,
    "article": "0086",
    "name": "Плівка біла матова UPM Raflatac PolyLaser",
    "type": "Плівка",
    "typeUse": "Самоклеючі",
    "description": null,
    "quantity": 1087,
    "amount": 1088,
    "amountAll": 1089,
    "unit": "Шт",
    "thickness": "90",
    "cost": "26",
    "price1": "60",
    "price2": "60",
    "price3": "60",
    "price4": "60",
    "price5": "60",
    "x": "297",
    "y": "420",
    "created": null,
    "createdAt": "2024-11-11T09:58:35.000Z",
    "updatedAt": "2025-02-10T02:28:46.000Z"
  },
  {
    "id": 293,
    "article": "0087",
    "name": "Плівка прозора глянцева UPM Raflatac PolyLaser",
    "type": "Плівка",
    "typeUse": "Самоклеючі",
    "description": null,
    "quantity": 1088,
    "amount": 1089,
    "amountAll": 1090,
    "unit": "Шт",
    "thickness": "90",
    "cost": "27",
    "price1": "60",
    "price2": "60",
    "price3": "60",
    "price4": "60",
    "price5": "60",
    "x": "297",
    "y": "420",
    "created": null,
    "createdAt": "2024-11-11T09:58:35.000Z",
    "updatedAt": "2025-02-10T02:29:04.000Z"
  },
  {
    "id": 294,
    "article": "0088",
    "name": "Плівка напівпрозора матова UPM Raflatac PolyLaser",
    "type": "Плівка",
    "typeUse": "Самоклеючі",
    "description": null,
    "quantity": 1089,
    "amount": 1090,
    "amountAll": 1091,
    "unit": "Шт",
    "thickness": "90",
    "cost": "30",
    "price1": "60",
    "price2": "60",
    "price3": "60",
    "price4": "60",
    "price5": "60",
    "x": "297",
    "y": "420",
    "created": null,
    "createdAt": "2024-11-11T09:58:35.000Z",
    "updatedAt": "2025-02-10T02:29:16.000Z"
  },
  {
    "id": 295,
    "article": "0089",
    "name": "З глянцевим ламінуванням",
    "type": "Ламінування",
    "typeUse": "А3",
    "description": null,
    "quantity": 1090,
    "amount": 1091,
    "amountAll": 1092,
    "unit": "Шт",
    "thickness": "125",
    "cost": "15",
    "price1": "60",
    "price2": "50",
    "price3": "40",
    "price4": "35",
    "price5": "30",
    "x": "297",
    "y": "420",
    "created": null,
    "createdAt": "2024-11-11T09:58:35.000Z",
    "updatedAt": "2025-02-02T23:16:10.000Z"
  },
  {
    "id": 296,
    "article": "0090",
    "name": "З матовим ламінуванням",
    "type": "Ламінування",
    "typeUse": "А3",
    "description": null,
    "quantity": 1091,
    "amount": 1092,
    "amountAll": 1093,
    "unit": "Шт",
    "thickness": "125",
    "cost": "20",
    "price1": "70",
    "price2": "60",
    "price3": "50",
    "price4": "40",
    "price5": "36",
    "x": "297",
    "y": "420",
    "created": null,
    "createdAt": "2024-11-11T09:58:35.000Z",
    "updatedAt": "2025-02-02T23:16:14.000Z"
  },
  {
    "id": 297,
    "article": "0091",
    "name": "З ламінуванням Soft Touch",
    "type": "Ламінування",
    "typeUse": "А3",
    "description": null,
    "quantity": 1092,
    "amount": 1093,
    "amountAll": 1094,
    "unit": "Шт",
    "thickness": "80",
    "cost": "20",
    "price1": "70",
    "price2": "60",
    "price3": "50",
    "price4": "40",
    "price5": "36",
    "x": "297",
    "y": "420",
    "created": null,
    "createdAt": "2024-11-11T09:58:35.000Z",
    "updatedAt": "2024-11-11T09:58:35.000Z"
  },
  {
    "id": 298,
    "article": "0092",
    "name": "З глянцевим ламінуванням",
    "type": "Ламінування",
    "typeUse": "А3",
    "description": null,
    "quantity": 1093,
    "amount": 1094,
    "amountAll": 1095,
    "unit": "Шт",
    "thickness": "30",
    "cost": "5",
    "price1": "17.5",
    "price2": "15",
    "price3": "12.5",
    "price4": "10",
    "price5": "9",
    "x": "297",
    "y": "420",
    "created": null,
    "createdAt": "2024-11-11T09:58:35.000Z",
    "updatedAt": "2024-11-11T09:58:35.000Z"
  },
  {
    "id": 299,
    "article": "0093",
    "name": "З матовим ламінуванням",
    "type": "Ламінування",
    "typeUse": "А3",
    "description": null,
    "quantity": 1094,
    "amount": 1095,
    "amountAll": 1096,
    "unit": "Шт",
    "thickness": "30",
    "cost": "5",
    "price1": "17.5",
    "price2": "15",
    "price3": "12.5",
    "price4": "10",
    "price5": "9",
    "x": "297",
    "y": "420",
    "created": null,
    "createdAt": "2024-11-11T09:58:35.000Z",
    "updatedAt": "2024-11-11T09:58:35.000Z"
  },
  {
    "id": 300,
    "article": "0094",
    "name": "З ламінуванням Soft Touch",
    "type": "Ламінування",
    "typeUse": "А3",
    "description": null,
    "quantity": 1095,
    "amount": 1096,
    "amountAll": 1097,
    "unit": "Шт",
    "thickness": "30",
    "cost": "7",
    "price1": "24.5",
    "price2": "21",
    "price3": "17.5",
    "price4": "14",
    "price5": "12.6",
    "x": "297",
    "y": "420",
    "created": null,
    "createdAt": "2024-11-11T09:58:35.000Z",
    "updatedAt": "2024-11-11T09:58:35.000Z"
  },
  {
    "id": 301,
    "article": "0095",
    "name": "З глянцевим ламінуванням",
    "type": "Ламінування",
    "typeUse": "А3",
    "description": null,
    "quantity": 1096,
    "amount": 1097,
    "amountAll": 1098,
    "unit": "Шт",
    "thickness": "250",
    "cost": "26",
    "price1": "91",
    "price2": "78",
    "price3": "65",
    "price4": "52",
    "price5": "46.8",
    "x": "297",
    "y": "420",
    "created": null,
    "createdAt": "2024-11-11T09:58:35.000Z",
    "updatedAt": "2024-11-11T09:58:35.000Z"
  },
  {
    "id": 302,
    "article": "0096",
    "name": "З матовим ламінуванням",
    "type": "Ламінування",
    "typeUse": "А3",
    "description": null,
    "quantity": 1097,
    "amount": 1098,
    "amountAll": 1099,
    "unit": "Шт",
    "thickness": "250",
    "cost": "30",
    "price1": "105",
    "price2": "90",
    "price3": "75",
    "price4": "60",
    "price5": "54",
    "x": "297",
    "y": "420",
    "created": null,
    "createdAt": "2024-11-11T09:58:35.000Z",
    "updatedAt": "2024-11-11T09:58:35.000Z"
  },
  {
    "id": 303,
    "article": "0098",
    "name": "Матовий плакатний фотопапір",
    "type": "Папір Широкоформат",
    "typeUse": "PaperWide",
    "description": null,
    "quantity": 1098,
    "amount": 1099,
    "amountAll": 1100,
    "unit": "М2",
    "thickness": "180",
    "cost": "5",
    "price1": "300",
    "price2": "250",
    "price3": "260",
    "price4": "230",
    "price5": "200",
    "x": "297",
    "y": "420",
    "created": null,
    "createdAt": "2024-11-11T09:58:35.000Z",
    "updatedAt": "2024-11-11T09:58:35.000Z"
  },
  {
    "id": 304,
    "article": "0099",
    "name": "Фотопапір Сатін",
    "type": "Папір Широкоформат",
    "typeUse": "PaperWide",
    "description": null,
    "quantity": 1099,
    "amount": 1100,
    "amountAll": 1101,
    "unit": "М2",
    "thickness": "270",
    "cost": "5",
    "price1": "500",
    "price2": "450",
    "price3": "440",
    "price4": "420",
    "price5": "400",
    "x": "297",
    "y": "420",
    "created": null,
    "createdAt": "2024-11-11T09:58:35.000Z",
    "updatedAt": "2024-11-11T09:58:35.000Z"
  },
  {
    "id": 305,
    "article": "0100",
    "name": "Офісний папір",
    "type": "Папір Широкоформат",
    "typeUse": "PaperWide",
    "description": null,
    "quantity": 1100,
    "amount": 1101,
    "amountAll": 1102,
    "unit": "М2",
    "thickness": "90",
    "cost": "5",
    "price1": "0",
    "price2": "0",
    "price3": "0",
    "price4": "0",
    "price5": "0",
    "x": "297",
    "y": "420",
    "created": null,
    "createdAt": "2024-11-11T09:58:35.000Z",
    "updatedAt": "2024-11-11T09:58:35.000Z"
  },
  {
    "id": 306,
    "article": "0101",
    "name": "Холст",
    "type": "Папір Широкоформат",
    "typeUse": "PaperWide",
    "description": null,
    "quantity": 1101,
    "amount": 1102,
    "amountAll": 1103,
    "unit": "М2",
    "thickness": "440",
    "cost": "5",
    "price1": "3200",
    "price2": "2880",
    "price3": "2600",
    "price4": "2500",
    "price5": "2400",
    "x": "297",
    "y": "420",
    "created": null,
    "createdAt": "2024-11-11T09:58:35.000Z",
    "updatedAt": "2024-11-11T09:58:35.000Z"
  },
  {
    "id": 307,
    "article": "0101",
    "name": "Згинання",
    "type": "Постпресс",
    "typeUse": "Згинання",
    "description": null,
    "quantity": 1102,
    "amount": 1103,
    "amountAll": 1104,
    "unit": "Шт",
    "thickness": "0.1",
    "cost": "5",
    "price1": "4",
    "price2": "2",
    "price3": "1.5",
    "price4": "1",
    "price5": "0.5",
    "x": "297",
    "y": "420",
    "created": null,
    "createdAt": "2024-11-11T09:58:35.000Z",
    "updatedAt": "2024-11-11T09:58:35.000Z"
  },
  {
    "id": 308,
    "article": "0101",
    "name": "Скруглення кутів",
    "type": "Постпресс",
    "typeUse": "Скруглення кутів",
    "description": null,
    "quantity": 1103,
    "amount": 1104,
    "amountAll": 1105,
    "unit": "Шт",
    "thickness": "0.1",
    "cost": "5",
    "price1": "0.30",
    "price2": "0.25",
    "price3": "0.20",
    "price4": "0.18",
    "price5": "0.15",
    "x": "297",
    "y": "420",
    "created": null,
    "createdAt": "2024-11-11T09:58:35.000Z",
    "updatedAt": "2025-02-10T12:01:41.000Z"
  },
  {
    "id": 309,
    "article": "0101",
    "name": "Cвердління отворів",
    "type": "Постпресс",
    "typeUse": "Cвердління отворів",
    "description": null,
    "quantity": 1104,
    "amount": 1105,
    "amountAll": 1106,
    "unit": "Шт",
    "thickness": "0.1",
    "cost": "5",
    "price1": "0.5",
    "price2": "0.4",
    "price3": "0.3",
    "price4": "0.25",
    "price5": "0.25",
    "x": "297",
    "y": "420",
    "created": null,
    "createdAt": "2024-11-11T09:58:35.000Z",
    "updatedAt": "2024-11-11T09:58:35.000Z"
  },
  {
    "id": 310,
    "article": "0101",
    "name": "З плотерною надсічкою на надрукованих аркушах",
    "type": "Постпресс",
    "typeUse": "Висічка",
    "description": null,
    "quantity": 1105,
    "amount": 1106,
    "amountAll": 1107,
    "unit": "Шт",
    "thickness": "0.1",
    "cost": "5",
    "price1": "20",
    "price2": "20",
    "price3": "20",
    "price4": "20",
    "price5": "20",
    "x": "297",
    "y": "420",
    "created": null,
    "createdAt": "2024-11-11T09:58:35.000Z",
    "updatedAt": "2024-11-11T09:58:35.000Z"
  },
  {
    "id": 311,
    "article": "0101",
    "name": "З плотерною порізкою стікерпаків",
    "type": "Постпресс",
    "typeUse": "Висічка",
    "description": null,
    "quantity": 1106,
    "amount": 1107,
    "amountAll": 1108,
    "unit": "Шт",
    "thickness": "0.1",
    "cost": "5",
    "price1": "20",
    "price2": "20",
    "price3": "20",
    "price4": "20",
    "price5": "20",
    "x": "297",
    "y": "420",
    "created": null,
    "createdAt": "2024-11-11T09:58:35.000Z",
    "updatedAt": "2024-11-11T09:58:35.000Z"
  },
  {
    "id": 312,
    "article": "0101",
    "name": "З плотерною порізкою окремими виробами",
    "type": "Постпресс",
    "typeUse": "Висічка",
    "description": null,
    "quantity": 1107,
    "amount": 1108,
    "amountAll": 1109,
    "unit": "Шт",
    "thickness": "0.1",
    "cost": "5",
    "price1": "50",
    "price2": "50",
    "price3": "50",
    "price4": "50",
    "price5": "50",
    "x": "297",
    "y": "420",
    "created": null,
    "createdAt": "2024-11-11T09:58:35.000Z",
    "updatedAt": "2024-11-11T09:58:35.000Z"
  },
  {
    "id": 313,
    "article": "0003",
    "name": "Фото на документи ",
    "type": "ФотоПослуга",
    "typeUse": null,
    "description": null,
    "quantity": 1108,
    "amount": 1109,
    "amountAll": 1110,
    "unit": "Шт",
    "thickness": "0.4",
    "cost": "5",
    "price1": "200",
    "price2": "200",
    "price3": "200",
    "price4": "200",
    "price5": "200",
    "x": "100",
    "y": "150",
    "created": null,
    "createdAt": "2024-11-11T09:58:35.000Z",
    "updatedAt": "2024-11-11T09:58:35.000Z"
  },
  {
    "id": 314,
    "article": "0004",
    "name": "Фото на документи (бланк)",
    "type": "ФотоПослуга",
    "typeUse": null,
    "description": null,
    "quantity": 1109,
    "amount": 1110,
    "amountAll": 1111,
    "unit": "Шт",
    "thickness": "0.4",
    "cost": "5",
    "price1": "60",
    "price2": "60",
    "price3": "60",
    "price4": "60",
    "price5": "60",
    "x": "297",
    "y": "420",
    "created": null,
    "createdAt": "2024-11-11T09:58:35.000Z",
    "updatedAt": "2024-11-11T09:58:35.000Z"
  },
  {
    "id": 315,
    "article": "0005",
    "name": "PhotoBOOm Satin",
    "type": "Фотопапір",
    "typeUse": "100 х 150 мм",
    "description": null,
    "quantity": 1110,
    "amount": 1111,
    "amountAll": 1112,
    "unit": "Шт",
    "thickness": "245",
    "cost": "5",
    "price1": "15",
    "price2": "12",
    "price3": "12",
    "price4": "10",
    "price5": "8",
    "x": "100",
    "y": "150",
    "created": null,
    "createdAt": "2024-11-11T09:58:35.000Z",
    "updatedAt": "2024-11-11T09:58:35.000Z"
  },
  {
    "id": 316,
    "article": "0006",
    "name": "PhotoBOOm Premium Glossy",
    "type": "Фотопапір",
    "typeUse": "100 х 150 мм",
    "description": null,
    "quantity": 1111,
    "amount": 1112,
    "amountAll": 1113,
    "unit": "Шт",
    "thickness": "245",
    "cost": "5",
    "price1": "15",
    "price2": "12",
    "price3": "13",
    "price4": "11",
    "price5": "8",
    "x": "100",
    "y": "150",
    "created": null,
    "createdAt": "2024-11-11T09:58:35.000Z",
    "updatedAt": "2024-11-11T09:58:35.000Z"
  },
  {
    "id": 317,
    "article": "0007",
    "name": "Epson Premium Semigloss Photo",
    "type": "Фотопапір",
    "typeUse": "100 х 150 мм",
    "description": null,
    "quantity": 1112,
    "amount": 1113,
    "amountAll": 1114,
    "unit": "Шт",
    "thickness": "270",
    "cost": "5",
    "price1": "25",
    "price2": "20",
    "price3": "20",
    "price4": "16",
    "price5": "15",
    "x": "100",
    "y": "150",
    "created": null,
    "createdAt": "2024-11-11T09:58:35.000Z",
    "updatedAt": "2024-11-11T09:58:35.000Z"
  },
  {
    "id": 318,
    "article": "0008",
    "name": "Epson Premium Glossy",
    "type": "Фотопапір",
    "typeUse": "100 х 150 мм",
    "description": null,
    "quantity": 1113,
    "amount": 1114,
    "amountAll": 1115,
    "unit": "Шт",
    "thickness": "270",
    "cost": "5",
    "price1": "25",
    "price2": "20",
    "price3": "20",
    "price4": "16",
    "price5": "15",
    "x": "100",
    "y": "150",
    "created": null,
    "createdAt": "2024-11-11T09:58:35.000Z",
    "updatedAt": "2024-11-11T09:58:35.000Z"
  },
  {
    "id": 319,
    "article": "0009",
    "name": "З глянцевим ламінуванням",
    "type": "Ламінування",
    "typeUse": "А5",
    "description": null,
    "quantity": 1114,
    "amount": 1115,
    "amountAll": 1116,
    "unit": "Шт",
    "thickness": "125",
    "cost": "5",
    "price1": "35",
    "price2": "30",
    "price3": "25",
    "price4": "20",
    "price5": "18",
    "x": "148",
    "y": "210",
    "created": null,
    "createdAt": "2024-11-11T09:58:35.000Z",
    "updatedAt": "2025-02-07T03:57:42.000Z"
  },
  {
    "id": 320,
    "article": "0089",
    "name": "З глянцевим ламінуванням",
    "type": "Ламінування",
    "typeUse": "А4",
    "description": null,
    "quantity": 1114,
    "amount": 1115,
    "amountAll": 1116,
    "unit": "Шт",
    "thickness": "125",
    "cost": "5",
    "price1": "40",
    "price2": "35",
    "price3": "30",
    "price4": "28",
    "price5": "25",
    "x": "210",
    "y": "297",
    "created": null,
    "createdAt": "2024-11-11T09:58:35.000Z",
    "updatedAt": "2025-02-07T03:57:42.000Z"
  },
  {
    "id": 321,
    "article": "0090",
    "name": "З матовим ламінуванням",
    "type": "Ламінування",
    "typeUse": "А4",
    "description": null,
    "quantity": 1115,
    "amount": 1116,
    "amountAll": 1117,
    "unit": "Шт",
    "thickness": "125",
    "cost": "5",
    "price1": "45",
    "price2": "40",
    "price3": "35",
    "price4": "33",
    "price5": "31",
    "x": "210",
    "y": "297",
    "created": null,
    "createdAt": "2024-11-11T09:58:35.000Z",
    "updatedAt": "2024-11-11T09:58:35.000Z"
  },
  {
    "id": 322,
    "article": "0091",
    "name": "З ламінуванням Soft Touch",
    "type": "Ламінування",
    "typeUse": "А4",
    "description": null,
    "quantity": 1116,
    "amount": 1117,
    "amountAll": 1118,
    "unit": "Шт",
    "thickness": "80",
    "cost": "5",
    "price1": "40",
    "price2": "37",
    "price3": "35",
    "price4": "33",
    "price5": "31",
    "x": "210",
    "y": "297",
    "created": null,
    "createdAt": "2024-11-11T09:58:35.000Z",
    "updatedAt": "2024-11-11T09:58:35.000Z"
  },
  {
    "id": 323,
    "article": "0095",
    "name": "З глянцевим ламінуванням",
    "type": "Ламінування",
    "typeUse": "А4",
    "description": null,
    "quantity": 1117,
    "amount": 1118,
    "amountAll": 1119,
    "unit": "Шт",
    "thickness": "250",
    "cost": "5",
    "price1": "40",
    "price2": "38",
    "price3": "35",
    "price4": "33",
    "price5": "32",
    "x": "210",
    "y": "297",
    "created": null,
    "createdAt": "2024-11-11T09:58:35.000Z",
    "updatedAt": "2024-11-11T09:58:35.000Z"
  },
  {
    "id": 324,
    "article": "0096",
    "name": "З матовим ламінуванням",
    "type": "Ламінування",
    "typeUse": "А4",
    "description": null,
    "quantity": 1118,
    "amount": 1119,
    "amountAll": 1120,
    "unit": "Шт",
    "thickness": "250",
    "cost": "5",
    "price1": "50",
    "price2": "45",
    "price3": "40",
    "price4": "35",
    "price5": "30",
    "x": "210",
    "y": "297",
    "created": null,
    "createdAt": "2024-11-11T09:58:35.000Z",
    "updatedAt": "2024-11-11T09:58:35.000Z"
  },
  {
    "id": 325,
    "article": "0097",
    "name": "З матовим ламінуванням",
    "type": "Ламінування",
    "typeUse": "А4",
    "description": null,
    "quantity": 1119,
    "amount": 1120,
    "amountAll": 1121,
    "unit": "Шт",
    "thickness": "100",
    "cost": "5",
    "price1": "45",
    "price2": "40",
    "price3": "38",
    "price4": "36",
    "price5": "32",
    "x": "210",
    "y": "297",
    "created": null,
    "createdAt": "2024-11-11T09:58:35.000Z",
    "updatedAt": "2024-11-11T09:58:35.000Z"
  },
  {
    "id": 326,
    "article": "0200",
    "name": "На скобу",
    "type": "Перепліт",
    "typeUse": "А5",
    "description": "<120",
    "quantity": 1120,
    "amount": 1121,
    "amountAll": 1122,
    "unit": "Шт",
    "thickness": "<120",
    "cost": "5",
    "price1": "10",
    "price2": "7",
    "price3": "5",
    "price4": "4",
    "price5": "3",
    "x": "148",
    "y": "210",
    "created": null,
    "createdAt": "2024-11-17T01:23:03.000Z",
    "updatedAt": "2024-11-17T01:23:06.000Z"
  },
  {
    "id": 327,
    "article": "0201",
    "name": "На скобу",
    "type": "Перепліт",
    "typeUse": "А5",
    "description": ">120",
    "quantity": 1121,
    "amount": 1122,
    "amountAll": 1123,
    "unit": "Шт",
    "thickness": ">120",
    "cost": "5",
    "price1": "15",
    "price2": "12",
    "price3": "10",
    "price4": "8",
    "price5": "6",
    "x": "148",
    "y": "210",
    "created": null,
    "createdAt": "2024-11-17T01:23:03.000Z",
    "updatedAt": "2024-11-17T01:23:06.000Z"
  },
  {
    "id": 328,
    "article": "0200",
    "name": "На скобу",
    "type": "Перепліт",
    "typeUse": "А4",
    "description": "<120",
    "quantity": 1122,
    "amount": 1123,
    "amountAll": 1124,
    "unit": "Шт",
    "thickness": "<120",
    "cost": "5",
    "price1": "10",
    "price2": "7",
    "price3": "5",
    "price4": "4",
    "price5": "3",
    "x": "210",
    "y": "297",
    "created": null,
    "createdAt": "2024-11-17T01:23:03.000Z",
    "updatedAt": "2024-11-17T01:23:06.000Z"
  },
  {
    "id": 329,
    "article": "0201",
    "name": "На скобу",
    "type": "Перепліт",
    "typeUse": "А4",
    "description": ">120",
    "quantity": 1123,
    "amount": 1124,
    "amountAll": 1125,
    "unit": "Шт",
    "thickness": ">120",
    "cost": "5",
    "price1": "15",
    "price2": "12",
    "price3": "10",
    "price4": "8",
    "price5": "6",
    "x": "210",
    "y": "297",
    "created": null,
    "createdAt": "2024-11-17T01:23:03.000Z",
    "updatedAt": "2024-11-17T01:23:06.000Z"
  },
  {
    "id": 330,
    "article": "0200",
    "name": "На скобу",
    "type": "Перепліт",
    "typeUse": "А3",
    "description": "<120",
    "quantity": 1124,
    "amount": 1125,
    "amountAll": 1126,
    "unit": "Шт",
    "thickness": "<120",
    "cost": "5",
    "price1": "10",
    "price2": "7",
    "price3": "5",
    "price4": "4",
    "price5": "3",
    "x": "297",
    "y": "420",
    "created": null,
    "createdAt": "2024-11-17T01:23:03.000Z",
    "updatedAt": "2024-11-17T01:23:06.000Z"
  },
  {
    "id": 331,
    "article": "0201",
    "name": "На скобу",
    "type": "Перепліт",
    "typeUse": "А3",
    "description": ">120",
    "quantity": 1125,
    "amount": 1126,
    "amountAll": 1127,
    "unit": "Шт",
    "thickness": ">120",
    "cost": "5",
    "price1": "15",
    "price2": "12",
    "price3": "10",
    "price4": "8",
    "price5": "6",
    "x": "297",
    "y": "420",
    "created": null,
    "createdAt": "2024-11-17T01:23:03.000Z",
    "updatedAt": "2024-11-17T01:23:06.000Z"
  },
  {
    "id": 332,
    "article": "0200",
    "name": "На пластик",
    "type": "Перепліт",
    "typeUse": "А5",
    "description": "<120",
    "quantity": 1126,
    "amount": 1127,
    "amountAll": 1128,
    "unit": "Шт",
    "thickness": "<120",
    "cost": "5",
    "price1": "50",
    "price2": "45",
    "price3": "40",
    "price4": "37",
    "price5": "35",
    "x": "148",
    "y": "210",
    "created": null,
    "createdAt": "2024-11-17T01:23:03.000Z",
    "updatedAt": "2024-11-17T01:23:06.000Z"
  },
  {
    "id": 333,
    "article": "0201",
    "name": "На пластик",
    "type": "Перепліт",
    "typeUse": "А5",
    "description": ">120",
    "quantity": 1127,
    "amount": 1128,
    "amountAll": 1129,
    "unit": "Шт",
    "thickness": ">120",
    "cost": "5",
    "price1": "100",
    "price2": "90",
    "price3": "85",
    "price4": "80",
    "price5": "75",
    "x": "148",
    "y": "210",
    "created": null,
    "createdAt": "2024-11-17T01:23:03.000Z",
    "updatedAt": "2024-11-17T01:23:06.000Z"
  },
  {
    "id": 334,
    "article": "0200",
    "name": "На пластик",
    "type": "Перепліт",
    "typeUse": "А4",
    "description": "<120",
    "quantity": 1128,
    "amount": 1129,
    "amountAll": 1130,
    "unit": "Шт",
    "thickness": "<120",
    "cost": "5",
    "price1": "50",
    "price2": "45",
    "price3": "40",
    "price4": "37",
    "price5": "35",
    "x": "210",
    "y": "297",
    "created": null,
    "createdAt": "2024-11-17T01:23:03.000Z",
    "updatedAt": "2024-11-17T01:23:06.000Z"
  },
  {
    "id": 335,
    "article": "0201",
    "name": "На пластик",
    "type": "Перепліт",
    "typeUse": "А4",
    "description": ">120",
    "quantity": 1129,
    "amount": 1130,
    "amountAll": 1131,
    "unit": "Шт",
    "thickness": ">120",
    "cost": "5",
    "price1": "100",
    "price2": "90",
    "price3": "85",
    "price4": "80",
    "price5": "75",
    "x": "210",
    "y": "297",
    "created": null,
    "createdAt": "2024-11-17T01:23:03.000Z",
    "updatedAt": "2024-11-17T01:23:06.000Z"
  },
  {
    "id": 336,
    "article": "0200",
    "name": "На пластик",
    "type": "Перепліт",
    "typeUse": "А3",
    "description": "<120",
    "quantity": 1130,
    "amount": 1131,
    "amountAll": 1132,
    "unit": "Шт",
    "thickness": "<120",
    "cost": "5",
    "price1": "70",
    "price2": "65",
    "price3": "60",
    "price4": "57",
    "price5": "55",
    "x": "297",
    "y": "420",
    "created": null,
    "createdAt": "2024-11-17T01:23:03.000Z",
    "updatedAt": "2024-11-17T01:23:06.000Z"
  },
  {
    "id": 337,
    "article": "0201",
    "name": "На пластик",
    "type": "Перепліт",
    "typeUse": "А3",
    "description": ">120",
    "quantity": 1131,
    "amount": 1132,
    "amountAll": 1133,
    "unit": "Шт",
    "thickness": ">120",
    "cost": "5",
    "price1": "120",
    "price2": "110",
    "price3": "105",
    "price4": "100",
    "price5": "95",
    "x": "297",
    "y": "420",
    "created": null,
    "createdAt": "2024-11-17T01:23:03.000Z",
    "updatedAt": "2024-11-17T01:23:06.000Z"
  },
  {
    "id": 338,
    "article": "0200",
    "name": "На пружину",
    "type": "Перепліт",
    "typeUse": "А5",
    "description": "<120",
    "quantity": 1132,
    "amount": 1133,
    "amountAll": 1134,
    "unit": "Шт",
    "thickness": "<120",
    "cost": "5",
    "price1": "40",
    "price2": "35",
    "price3": "30",
    "price4": "27",
    "price5": "25",
    "x": "148",
    "y": "210",
    "created": null,
    "createdAt": "2024-11-17T01:23:03.000Z",
    "updatedAt": "2024-11-17T01:23:06.000Z"
  },
  {
    "id": 339,
    "article": "0201",
    "name": "На пружину",
    "type": "Перепліт",
    "typeUse": "А5",
    "description": ">120",
    "quantity": 1133,
    "amount": 1134,
    "amountAll": 1135,
    "unit": "Шт",
    "thickness": ">120",
    "cost": "5",
    "price1": "70",
    "price2": "65",
    "price3": "60",
    "price4": "55",
    "price5": "50",
    "x": "148",
    "y": "210",
    "created": null,
    "createdAt": "2024-11-17T01:23:03.000Z",
    "updatedAt": "2025-03-04T02:06:28.000Z"
  },
  {
    "id": 340,
    "article": "0200",
    "name": "На пружину",
    "type": "Перепліт",
    "typeUse": "А4",
    "description": "<120",
    "quantity": 1134,
    "amount": 1135,
    "amountAll": 1136,
    "unit": "Шт",
    "thickness": "<120",
    "cost": "5",
    "price1": "60",
    "price2": "50",
    "price3": "45",
    "price4": "40",
    "price5": "35",
    "x": "210",
    "y": "297",
    "created": null,
    "createdAt": "2024-11-17T01:23:03.000Z",
    "updatedAt": "2024-11-17T01:23:06.000Z"
  },
  {
    "id": 341,
    "article": "0201",
    "name": "На пружину",
    "type": "Перепліт",
    "typeUse": "А4",
    "description": ">120",
    "quantity": 1135,
    "amount": 1136,
    "amountAll": 1137,
    "unit": "Шт",
    "thickness": ">120",
    "cost": "5",
    "price1": "100",
    "price2": "90",
    "price3": "85",
    "price4": "80",
    "price5": "75",
    "x": "210",
    "y": "297",
    "created": null,
    "createdAt": "2024-11-17T01:23:03.000Z",
    "updatedAt": "2024-11-17T01:23:06.000Z"
  },
  {
    "id": 342,
    "article": "0200",
    "name": "На пружину",
    "type": "Перепліт",
    "typeUse": "А3",
    "description": "<120",
    "quantity": 1136,
    "amount": 1137,
    "amountAll": 1138,
    "unit": "Шт",
    "thickness": "<120",
    "cost": "5",
    "price1": "70",
    "price2": "65",
    "price3": "60",
    "price4": "57",
    "price5": "55",
    "x": "297",
    "y": "420",
    "created": null,
    "createdAt": "2024-11-17T01:23:03.000Z",
    "updatedAt": "2024-11-17T01:23:06.000Z"
  },
  {
    "id": 343,
    "article": "0201",
    "name": "На пружину",
    "type": "Перепліт",
    "typeUse": "А3",
    "description": ">120",
    "quantity": 1137,
    "amount": 1138,
    "amountAll": 1139,
    "unit": "Шт",
    "thickness": ">120",
    "cost": "5",
    "price1": "120",
    "price2": "110",
    "price3": "105",
    "price4": "100",
    "price5": "95",
    "x": "297",
    "y": "420",
    "created": null,
    "createdAt": "2024-11-17T01:23:03.000Z",
    "updatedAt": "2024-11-17T01:23:06.000Z"
  },
  {
    "id": 344,
    "article": "0200",
    "name": "Твердий перепліт",
    "type": "Перепліт",
    "typeUse": "А4",
    "description": "<120",
    "quantity": 1138,
    "amount": 1139,
    "amountAll": 1140,
    "unit": "Шт",
    "thickness": "<120",
    "cost": "5",
    "price1": "260",
    "price2": "250",
    "price3": "250",
    "price4": "250",
    "price5": "250",
    "x": "210",
    "y": "297",
    "created": null,
    "createdAt": "2024-11-17T01:23:03.000Z",
    "updatedAt": "2024-11-17T01:23:06.000Z"
  },
  {
    "id": 345,
    "article": "0201",
    "name": "Твердий перепліт",
    "type": "Перепліт",
    "typeUse": "А4",
    "description": ">120",
    "quantity": 1139,
    "amount": 1140,
    "amountAll": 1141,
    "unit": "Шт",
    "thickness": ">120",
    "cost": "5",
    "price1": "280",
    "price2": "280",
    "price3": "280",
    "price4": "280",
    "price5": "280",
    "x": "210",
    "y": "297",
    "created": null,
    "createdAt": "2024-11-17T01:23:03.000Z",
    "updatedAt": "2024-11-17T01:23:06.000Z"
  },
  {
    "id": 346,
    "article": "0005",
    "name": "PhotoBOOm Satin",
    "type": "Фотопапір",
    "typeUse": "А5",
    "description": null,
    "quantity": 1140,
    "amount": 1141,
    "amountAll": 1142,
    "unit": "Шт",
    "thickness": "245",
    "cost": "5",
    "price1": "25",
    "price2": "20",
    "price3": "20",
    "price4": "16",
    "price5": "15",
    "x": "148",
    "y": "210",
    "created": null,
    "createdAt": "2024-11-11T09:58:35.000Z",
    "updatedAt": "2024-11-11T09:58:35.000Z"
  },
  {
    "id": 347,
    "article": "0006",
    "name": "PhotoBOOm Premium Glossy",
    "type": "Фотопапір",
    "typeUse": "А5",
    "description": null,
    "quantity": 1141,
    "amount": 1142,
    "amountAll": 1143,
    "unit": "Шт",
    "thickness": "245",
    "cost": "5",
    "price1": "25",
    "price2": "20",
    "price3": "20",
    "price4": "16",
    "price5": "15",
    "x": "148",
    "y": "210",
    "created": null,
    "createdAt": "2024-11-11T09:58:35.000Z",
    "updatedAt": "2024-11-11T09:58:35.000Z"
  },
  {
    "id": 348,
    "article": "0007",
    "name": "Epson Premium Semigloss Photo",
    "type": "Фотопапір",
    "typeUse": "А5",
    "description": null,
    "quantity": 1142,
    "amount": 1143,
    "amountAll": 1144,
    "unit": "Шт",
    "thickness": "270",
    "cost": "5",
    "price1": "50",
    "price2": "47",
    "price3": "47",
    "price4": "45",
    "price5": "40",
    "x": "148",
    "y": "210",
    "created": null,
    "createdAt": "2024-11-11T09:58:35.000Z",
    "updatedAt": "2024-11-11T09:58:35.000Z"
  },
  {
    "id": 349,
    "article": "0008",
    "name": "Epson Premium Glossy",
    "type": "Фотопапір",
    "typeUse": "А5",
    "description": null,
    "quantity": 1143,
    "amount": 1144,
    "amountAll": 1145,
    "unit": "Шт",
    "thickness": "270",
    "cost": "5",
    "price1": "50",
    "price2": "47",
    "price3": "47",
    "price4": "45",
    "price5": "40",
    "x": "148",
    "y": "210",
    "created": null,
    "createdAt": "2024-11-11T09:58:35.000Z",
    "updatedAt": "2024-11-11T09:58:35.000Z"
  },
  {
    "id": 350,
    "article": "0005",
    "name": "PhotoBOOm Satin",
    "type": "Фотопапір",
    "typeUse": "А4",
    "description": null,
    "quantity": 1144,
    "amount": 1145,
    "amountAll": 1146,
    "unit": "Шт",
    "thickness": "245",
    "cost": "5",
    "price1": "50",
    "price2": "40",
    "price3": "40",
    "price4": "32",
    "price5": "30",
    "x": "210",
    "y": "297",
    "created": null,
    "createdAt": "2024-11-11T09:58:35.000Z",
    "updatedAt": "2024-11-11T09:58:35.000Z"
  },
  {
    "id": 351,
    "article": "0006",
    "name": "PhotoBOOm Premium Glossy",
    "type": "Фотопапір",
    "typeUse": "А4",
    "description": null,
    "quantity": 1145,
    "amount": 1146,
    "amountAll": 1147,
    "unit": "Шт",
    "thickness": "245",
    "cost": "5",
    "price1": "50",
    "price2": "40",
    "price3": "40",
    "price4": "32",
    "price5": "30",
    "x": "210",
    "y": "297",
    "created": null,
    "createdAt": "2024-11-11T09:58:35.000Z",
    "updatedAt": "2024-11-11T09:58:35.000Z"
  },
  {
    "id": 352,
    "article": "0007",
    "name": "Epson Premium Semigloss Photo",
    "type": "Фотопапір",
    "typeUse": "А4",
    "description": null,
    "quantity": 1146,
    "amount": 1147,
    "amountAll": 1148,
    "unit": "Шт",
    "thickness": "270",
    "cost": "5",
    "price1": "100",
    "price2": "90",
    "price3": "90",
    "price4": "85",
    "price5": "80",
    "x": "210",
    "y": "297",
    "created": null,
    "createdAt": "2024-11-11T09:58:35.000Z",
    "updatedAt": "2024-11-11T09:58:35.000Z"
  },
  {
    "id": 353,
    "article": "0008",
    "name": "Epson Premium Glossy",
    "type": "Фотопапір",
    "typeUse": "А4",
    "description": null,
    "quantity": 1147,
    "amount": 1148,
    "amountAll": 1149,
    "unit": "Шт",
    "thickness": "270",
    "cost": "5",
    "price1": "100",
    "price2": "90",
    "price3": "90",
    "price4": "85",
    "price5": "80",
    "x": "210",
    "y": "297",
    "created": null,
    "createdAt": "2024-11-11T09:58:35.000Z",
    "updatedAt": "2024-11-11T09:58:35.000Z"
  },
  {
    "id": 354,
    "article": "0007",
    "name": "PhotoBOOm Satin",
    "type": "Фотопапір",
    "typeUse": "А3",
    "description": null,
    "quantity": 1148,
    "amount": 1149,
    "amountAll": 1150,
    "unit": "Шт",
    "thickness": "245",
    "cost": "5",
    "price1": "100",
    "price2": "90",
    "price3": "90",
    "price4": "80",
    "price5": "75",
    "x": "297",
    "y": "420",
    "created": null,
    "createdAt": "2024-11-11T09:58:35.000Z",
    "updatedAt": "2024-11-11T09:58:35.000Z"
  },
  {
    "id": 355,
    "article": "0008",
    "name": "PhotoBOOm Premium Glossy",
    "type": "Фотопапір",
    "typeUse": "А3",
    "description": null,
    "quantity": 1149,
    "amount": 1150,
    "amountAll": 1151,
    "unit": "Шт",
    "thickness": "245",
    "cost": "5",
    "price1": "100",
    "price2": "90",
    "price3": "90",
    "price4": "80",
    "price5": "75",
    "x": "297",
    "y": "420",
    "created": null,
    "createdAt": "2024-11-11T09:58:35.000Z",
    "updatedAt": "2024-11-11T09:58:35.000Z"
  },
  {
    "id": 356,
    "article": "0007",
    "name": "Epson Premium Semigloss Photo",
    "type": "Фотопапір",
    "typeUse": "А3",
    "description": null,
    "quantity": 1150,
    "amount": 1151,
    "amountAll": 1152,
    "unit": "Шт",
    "thickness": "270",
    "cost": "5",
    "price1": "200",
    "price2": "180",
    "price3": "180",
    "price4": "170",
    "price5": "160",
    "x": "297",
    "y": "420",
    "created": null,
    "createdAt": "2024-11-11T09:58:35.000Z",
    "updatedAt": "2024-11-11T09:58:35.000Z"
  },
  {
    "id": 357,
    "article": "0008",
    "name": "Epson Premium Glossy",
    "type": "Фотопапір",
    "typeUse": "А3",
    "description": null,
    "quantity": 1151,
    "amount": 1152,
    "amountAll": 1153,
    "unit": "Шт",
    "thickness": "270",
    "cost": "5",
    "price1": "200",
    "price2": "180",
    "price3": "180",
    "price4": "170",
    "price5": "160",
    "x": "297",
    "y": "420",
    "created": null,
    "createdAt": "2024-11-11T09:58:35.000Z",
    "updatedAt": "2024-11-11T09:58:35.000Z"
  },
  {
    "id": 358,
    "article": "0005",
    "name": "PhotoBOOm Satin",
    "type": "Фотопапір",
    "typeUse": "Polaroid",
    "description": null,
    "quantity": 1152,
    "amount": 1153,
    "amountAll": 1154,
    "unit": "Шт",
    "thickness": "245",
    "cost": "5",
    "price1": "20",
    "price2": "15",
    "price3": "15",
    "price4": "12",
    "price5": "12",
    "x": "72",
    "y": "86",
    "created": null,
    "createdAt": "2024-11-11T09:58:35.000Z",
    "updatedAt": "2024-11-11T09:58:35.000Z"
  },
  {
    "id": 359,
    "article": "0006",
    "name": "PhotoBOOm Premium Glossy",
    "type": "Фотопапір",
    "typeUse": "Polaroid",
    "description": null,
    "quantity": 1153,
    "amount": 1154,
    "amountAll": 1155,
    "unit": "Шт",
    "thickness": "245",
    "cost": "5",
    "price1": "20",
    "price2": "15",
    "price3": "15",
    "price4": "12",
    "price5": "12",
    "x": "72",
    "y": "86",
    "created": null,
    "createdAt": "2024-11-11T09:58:35.000Z",
    "updatedAt": "2024-11-11T09:58:35.000Z"
  },
  {
    "id": 360,
    "article": "0007",
    "name": "Epson Premium Semigloss Photo",
    "type": "Фотопапір",
    "typeUse": "Polaroid",
    "description": null,
    "quantity": 1154,
    "amount": 1155,
    "amountAll": 1156,
    "unit": "Шт",
    "thickness": "270",
    "cost": "5",
    "price1": "30",
    "price2": "25",
    "price3": "25",
    "price4": "22",
    "price5": "22",
    "x": "72",
    "y": "86",
    "created": null,
    "createdAt": "2024-11-11T09:58:35.000Z",
    "updatedAt": "2024-11-11T09:58:35.000Z"
  },
  {
    "id": 361,
    "article": "0008",
    "name": "Epson Premium Glossy",
    "type": "Фотопапір",
    "typeUse": "Polaroid",
    "description": null,
    "quantity": 1155,
    "amount": 1156,
    "amountAll": 1157,
    "unit": "Шт",
    "thickness": "270",
    "cost": "5",
    "price1": "30",
    "price2": "25",
    "price3": "25",
    "price4": "22",
    "price5": "22",
    "x": "72",
    "y": "86",
    "created": null,
    "createdAt": "2024-11-11T09:58:35.000Z",
    "updatedAt": "2024-11-11T09:58:35.000Z"
  },
  {
    "id": 362,
    "article": "0005",
    "name": "PhotoBOOm Satin",
    "type": "Фотопапір",
    "typeUse": "130 x 180 мм",
    "description": null,
    "quantity": 1156,
    "amount": 1157,
    "amountAll": 1158,
    "unit": "Шт",
    "thickness": "245",
    "cost": "5",
    "price1": "25",
    "price2": "20",
    "price3": "20",
    "price4": "16",
    "price5": "15",
    "x": "130",
    "y": "180",
    "created": null,
    "createdAt": "2024-11-11T09:58:35.000Z",
    "updatedAt": "2024-11-11T09:58:35.000Z"
  },
  {
    "id": 363,
    "article": "0006",
    "name": "PhotoBOOm Premium Glossy",
    "type": "Фотопапір",
    "typeUse": "130 x 180 мм",
    "description": null,
    "quantity": 1157,
    "amount": 1158,
    "amountAll": 1159,
    "unit": "Шт",
    "thickness": "245",
    "cost": "5",
    "price1": "25",
    "price2": "20",
    "price3": "20",
    "price4": "16",
    "price5": "15",
    "x": "130",
    "y": "180",
    "created": null,
    "createdAt": "2024-11-11T09:58:35.000Z",
    "updatedAt": "2024-11-11T09:58:35.000Z"
  },
  {
    "id": 364,
    "article": "0007",
    "name": "Epson Premium Semigloss Photo",
    "type": "Фотопапір",
    "typeUse": "130 x 180 мм",
    "description": null,
    "quantity": 1158,
    "amount": 1159,
    "amountAll": 1160,
    "unit": "Шт",
    "thickness": "270",
    "cost": "5",
    "price1": "50",
    "price2": "47",
    "price3": "47",
    "price4": "45",
    "price5": "40",
    "x": "130",
    "y": "180",
    "created": null,
    "createdAt": "2024-11-11T09:58:35.000Z",
    "updatedAt": "2024-11-11T09:58:35.000Z"
  },
  {
    "id": 365,
    "article": "0008",
    "name": "Epson Premium Glossy",
    "type": "Фотопапір",
    "typeUse": "130 x 180 мм",
    "description": null,
    "quantity": 1159,
    "amount": 1160,
    "amountAll": 1161,
    "unit": "Шт",
    "thickness": "270",
    "cost": "5",
    "price1": "50",
    "price2": "47",
    "price3": "47",
    "price4": "45",
    "price5": "40",
    "x": "130",
    "y": "180",
    "created": null,
    "createdAt": "2024-11-11T09:58:35.000Z",
    "updatedAt": "2024-11-11T09:58:35.000Z"
  },
  {
    "id": 366,
    "article": "0009",
    "name": "Кольорова чашка",
    "type": "Чашки",
    "typeUse": "330",
    "description": null,
    "quantity": 1160,
    "amount": 1161,
    "amountAll": 1162,
    "unit": "Шт",
    "thickness": "330",
    "cost": "60",
    "price1": "260",
    "price2": "220",
    "price3": "200",
    "price4": "180",
    "price5": "150",
    "x": "131",
    "y": "181",
    "created": null,
    "createdAt": "2025-11-11T09:58:35.000Z",
    "updatedAt": "2025-11-11T09:58:35.000Z"
  },
  {
    "id": 367,
    "article": "0010",
    "name": "Біла чашка",
    "type": "Чашки",
    "typeUse": "330",
    "description": null,
    "quantity": 1161,
    "amount": 1162,
    "amountAll": 1163,
    "unit": "Шт",
    "thickness": "330",
    "cost": "35",
    "price1": "230",
    "price2": "200",
    "price3": "180",
    "price4": "150",
    "price5": "130",
    "x": "132",
    "y": "182",
    "created": null,
    "createdAt": "2026-11-11T09:58:35.000Z",
    "updatedAt": "2026-11-11T09:58:35.000Z"
  },
  {
    "id": 368,
    "article": "0011",
    "name": "Металева чашка S",
    "type": "Чашки",
    "typeUse": "250",
    "description": null,
    "quantity": 1162,
    "amount": 1163,
    "amountAll": 1164,
    "unit": "Шт",
    "thickness": "250",
    "cost": "100",
    "price1": "320",
    "price2": "300",
    "price3": "280",
    "price4": "250",
    "price5": "220",
    "x": "133",
    "y": "183",
    "created": null,
    "createdAt": "2027-11-11T09:58:35.000Z",
    "updatedAt": "2027-11-11T09:58:35.000Z"
  },
  {
    "id": 369,
    "article": "0012",
    "name": "Металева чашка M",
    "type": "Чашки",
    "typeUse": "330",
    "description": null,
    "quantity": 1163,
    "amount": 1164,
    "amountAll": 1165,
    "unit": "Шт",
    "thickness": "330",
    "cost": "100",
    "price1": "320",
    "price2": "300",
    "price3": "280",
    "price4": "250",
    "price5": "220",
    "x": "134",
    "y": "184",
    "created": null,
    "createdAt": "2028-11-11T09:58:35.000Z",
    "updatedAt": "2028-11-11T09:58:35.000Z"
  },
  {
    "id": 370,
    "article": "0013",
    "name": "Термос",
    "type": "Чашки",
    "typeUse": "500",
    "description": null,
    "quantity": 1164,
    "amount": 1165,
    "amountAll": 1166,
    "unit": "Шт",
    "thickness": "500",
    "cost": "250",
    "price1": "550",
    "price2": "500",
    "price3": "450",
    "price4": "400",
    "price5": "350",
    "x": "135",
    "y": "185",
    "created": null,
    "createdAt": "2029-11-11T09:58:35.000Z",
    "updatedAt": "2029-11-11T09:58:35.000Z"
  }
]