[
  {
    "id": 1,
    "name": "ФОП Пилипенко А.Ю.",
    "type": null,
    "address": "Україна , 85400, Донецька обл., м. Селидове, вул. Чернишевського 18, кв. 50",
    "bankName": "АТ КБ \"Приватбанк\"",
    "iban": "UA543052990000026005036242045",
    "edrpou": "00692334",
    "email": "aiatomas01@gmail.com",
    "phone": "+38(098)-081-81-80",
    "taxSystem": "ФОП",
    "pdv": null,
    "comment": "",
    "userId": 1,
    "createdAt": "2025-05-05T21:51:24.000Z",
    "updatedAt": "2025-05-16T17:52:38.000Z"
  },
  {
    "id": 6,
    "name": "awdawd",
    "type": "",
    "address": "awdawdawd",
    "bankName": "awdawdaw",
    "iban": "awdawd",
    "edrpou": "awdawd",
    "email": "awdawd",
    "phone": "awdawd",
    "taxSystem": "ФОП",
    "pdv": "true",
    "comment": "2",
    "userId": 4,
    "createdAt": "2025-05-06T00:32:54.000Z",
    "updatedAt": "2025-05-16T17:53:58.000Z"
  },
  {
    "id": 7,
    "name": "w",
    "type": "",
    "address": "w",
    "bankName": "w",
    "iban": "w",
    "edrpou": "w",
    "email": "w",
    "phone": "w",
    "taxSystem": "2 група",
    "pdv": "true",
    "comment": "w",
    "userId": 2,
    "createdAt": "2025-05-06T00:43:12.000Z",
    "updatedAt": "2025-05-06T00:43:12.000Z"
  },
  {
    "id": 8,
    "name": "уыаыуа",
    "type": "",
    "address": "ыуаыуа",
    "bankName": "ыуаыуа",
    "iban": "ыуаыуа",
    "edrpou": "уыауаы",
    "email": "уаыуаы",
    "phone": "уаыыуауа",
    "taxSystem": "3 група із ПДВ",
    "pdv": "true",
    "comment": "ыуаыуаыуа",
    "userId": 3,
    "createdAt": "2025-05-06T00:49:05.000Z",
    "updatedAt": "2025-05-06T00:49:05.000Z"
  },
  {
    "id": 9,
    "name": "Пилипенко Артем Юрійович ПДВ",
    "type": null,
    "address": "Пилипенко Артем Юрійович ПДВ",
    "bankName": "Пилипенко Артем Юрійович ПДВ",
    "iban": "Пилипенко Артем Юрійович ПДВ",
    "edrpou": "Пилипенко Артем Юрійович ПДВ",
    "email": "hello@printpeaks.com.ua",
    "phone": "+38 065 666 66 66",
    "taxSystem": "ФОП",
    "pdv": "true",
    "comment": null,
    "userId": 1,
    "createdAt": "2025-05-06T00:54:16.000Z",
    "updatedAt": "2025-05-16T17:52:31.000Z"
  },
  {
    "id": 10,
    "name": "Петя",
    "type": "",
    "address": "п",
    "bankName": "п",
    "iban": "п",
    "edrpou": "п",
    "email": "п",
    "phone": "п",
    "taxSystem": "3 група",
    "pdv": "true",
    "comment": "пп",
    "userId": 5,
    "createdAt": "2025-05-06T01:26:23.000Z",
    "updatedAt": "2025-05-06T01:26:23.000Z"
  },
  {
    "id": 11,
    "name": "Артем Юрійович",
    "type": "",
    "address": "Київ, відділення 250",
    "bankName": "",
    "iban": "",
    "edrpou": "",
    "email": "aiatomas01@gmail.com",
    "phone": "+380975629025",
    "taxSystem": "загальна система із ПДВ",
    "pdv": "true",
    "comment": "",
    "userId": 5,
    "createdAt": "2025-05-08T07:33:17.000Z",
    "updatedAt": "2025-05-08T07:33:17.000Z"
  },
  {
    "id": 12,
    "name": "3333",
    "type": "",
    "address": "3333",
    "bankName": "3333",
    "iban": "3333",
    "edrpou": "3333",
    "email": "333",
    "phone": "3333",
    "taxSystem": "3 група",
    "pdv": "true",
    "comment": "3333",
    "userId": 9,
    "createdAt": "2025-05-09T04:58:57.000Z",
    "updatedAt": "2025-05-09T04:58:57.000Z"
  },
  {
    "id": 15,
    "name": "3333333333",
    "type": "",
    "address": "3",
    "bankName": "3",
    "iban": "3",
    "edrpou": "3",
    "email": "3",
    "phone": "3",
    "taxSystem": "3 група із ПДВ",
    "pdv": "true",
    "comment": "3",
    "userId": 29,
    "createdAt": "2025-05-14T13:58:25.000Z",
    "updatedAt": "2025-05-14T13:58:25.000Z"
  },
  {
    "id": 24,
    "name": "Не Артем",
    "type": "",
    "address": "Не Артем",
    "bankName": "Не Артем",
    "iban": "Не Артем",
    "edrpou": "Не Артем",
    "email": "Не Артем",
    "phone": "Не Артем",
    "taxSystem": "3 група",
    "pdv": "false",
    "comment": "",
    "userId": 9,
    "createdAt": "2025-05-15T02:53:36.000Z",
    "updatedAt": "2025-05-15T02:53:59.000Z"
  },
  {
    "id": 25,
    "name": "Не Артем",
    "type": "",
    "address": "Не Артем",
    "bankName": "Не Артем",
    "iban": "Не Артем",
    "edrpou": "Не Артем",
    "email": "Не Артем",
    "phone": "Не Артем",
    "taxSystem": "3 група",
    "pdv": "true",
    "comment": "",
    "userId": 9,
    "createdAt": "2025-05-15T02:53:53.000Z",
    "updatedAt": "2025-05-15T02:53:53.000Z"
  }
]