[
  {
    "items": [],
    "id": 1,
    "orderId": 261,
    "invoiceNumber": "2025-05-0261",
    "invoiceDate": "2025-05-06T00:21:16.000Z",
    "supplierId": 1,
    "supplierName": "ФОП Пилипенко А.Ю.",
    "buyerId": 1,
    "buyerName": "ФОП Пилипенко А.Ю.",
    "totalSum": 0,
    "createdAt": "2025-05-06T00:21:16.000Z",
    "updatedAt": "2025-05-06T00:21:16.000Z",
    "userId": 1
  },
  {
    "items": [
      {
        "name": "Цифровий друк в аркушах",
        "unit": "шт.",
        "quantity": 1,
        "price": 0,
        "total": 0
      },
      {
        "name": "Цифровий друк в аркушах",
        "unit": "шт.",
        "quantity": 1,
        "price": 0,
        "total": 0
      }
    ],
    "id": 2,
    "orderId": 261,
    "invoiceNumber": "2025-05-0261",
    "invoiceDate": "2025-05-06T00:22:35.000Z",
    "supplierId": 1,
    "supplierName": "ФОП Пилипенко А.Ю.",
    "buyerId": 1,
    "buyerName": "ФОП Пилипенко А.Ю.",
    "totalSum": 0,
    "createdAt": "2025-05-06T00:22:35.000Z",
    "updatedAt": "2025-05-06T00:22:35.000Z",
    "userId": 1
  },
  {
    "items": [
      {
        "name": "Цифровий друк в аркушах",
        "unit": "шт.",
        "quantity": 1,
        "price": 20,
        "total": 20
      },
      {
        "name": "Цифровий друк в аркушах",
        "unit": "шт.",
        "quantity": 1,
        "price": 51.25,
        "total": 512.5
      }
    ],
    "id": 3,
    "orderId": 261,
    "invoiceNumber": "2025-05-0261",
    "invoiceDate": "2025-05-06T00:25:13.000Z",
    "supplierId": 1,
    "supplierName": "ФОП Пилипенко А.Ю.",
    "buyerId": 1,
    "buyerName": "ФОП Пилипенко А.Ю.",
    "totalSum": 532.5,
    "createdAt": "2025-05-06T00:25:13.000Z",
    "updatedAt": "2025-05-06T00:25:13.000Z",
    "userId": 1
  },
  {
    "items": [],
    "id": 4,
    "orderId": 243,
    "invoiceNumber": "2025-05-0243",
    "invoiceDate": "2025-05-06T00:28:24.000Z",
    "supplierId": 1,
    "supplierName": "ФОП Пилипенко А.Ю.",
    "buyerId": 1,
    "buyerName": "ФОП Пилипенко А.Ю.",
    "totalSum": 0,
    "createdAt": "2025-05-06T00:28:24.000Z",
    "updatedAt": "2025-05-06T00:28:24.000Z",
    "userId": 1
  },
  {
    "items": [
      {
        "name": "Цифровий друк в аркушах",
        "unit": "шт.",
        "quantity": 1,
        "price": 20,
        "total": 20
      },
      {
        "name": "Цифровий друк в аркушах",
        "unit": "шт.",
        "quantity": 1,
        "price": 51.25,
        "total": 512.5
      }
    ],
    "id": 5,
    "orderId": 261,
    "invoiceNumber": "2025-05-0261",
    "invoiceDate": "2025-05-06T00:43:30.000Z",
    "supplierId": 1,
    "supplierName": "ФОП Пилипенко А.Ю.",
    "buyerId": 1,
    "buyerName": "ФОП Пилипенко А.Ю.",
    "totalSum": 532.5,
    "createdAt": "2025-05-06T00:43:30.000Z",
    "updatedAt": "2025-05-06T00:43:30.000Z",
    "userId": 1
  },
  {
    "items": [],
    "id": 6,
    "orderId": 262,
    "invoiceNumber": "2025-05-0262",
    "invoiceDate": "2025-05-06T00:54:43.000Z",
    "supplierId": 8,
    "supplierName": "уыаыуа",
    "buyerId": 9,
    "buyerName": "Пилипенко Артем Юрійович",
    "totalSum": 0,
    "createdAt": "2025-05-06T00:54:43.000Z",
    "updatedAt": "2025-05-06T00:54:43.000Z",
    "userId": 1
  },
  {
    "items": [],
    "id": 7,
    "orderId": 262,
    "invoiceNumber": "2025-05-0262",
    "invoiceDate": "2025-05-06T01:03:27.000Z",
    "supplierId": 1,
    "supplierName": "ФОП Пилипенко А.Ю.",
    "buyerId": 8,
    "buyerName": "уыаыуа",
    "totalSum": 0,
    "createdAt": "2025-05-06T01:03:27.000Z",
    "updatedAt": "2025-05-06T01:03:27.000Z",
    "userId": 1
  },
  {
    "items": [],
    "id": 8,
    "orderId": 262,
    "invoiceNumber": "2025-05-0262",
    "invoiceDate": "2025-05-06T01:03:49.000Z",
    "supplierId": 1,
    "supplierName": "ФОП Пилипенко А.Ю.",
    "buyerId": 6,
    "buyerName": "awdawd",
    "totalSum": 0,
    "createdAt": "2025-05-06T01:03:49.000Z",
    "updatedAt": "2025-05-06T01:03:49.000Z",
    "userId": 1
  },
  {
    "items": [],
    "id": 9,
    "orderId": 263,
    "invoiceNumber": "2025-05-0263",
    "invoiceDate": "2025-05-06T01:26:30.000Z",
    "supplierId": 1,
    "supplierName": "ФОП Пилипенко А.Ю.",
    "buyerId": 10,
    "buyerName": "Петя",
    "totalSum": 0,
    "createdAt": "2025-05-06T01:26:30.000Z",
    "updatedAt": "2025-05-06T01:26:30.000Z",
    "userId": 1
  },
  {
    "items": [
      {
        "name": "Цифровий друк в аркушах",
        "unit": "шт.",
        "quantity": 1,
        "price": 20,
        "total": 20
      }
    ],
    "id": 10,
    "orderId": 263,
    "invoiceNumber": "2025-05-0263",
    "invoiceDate": "2025-05-06T01:26:44.000Z",
    "supplierId": 1,
    "supplierName": "ФОП Пилипенко А.Ю.",
    "buyerId": 10,
    "buyerName": "Петя",
    "totalSum": 20,
    "createdAt": "2025-05-06T01:26:44.000Z",
    "updatedAt": "2025-05-06T01:26:44.000Z",
    "userId": 1
  },
  {
    "items": [
      {
        "name": "Цифровий друк в аркушах",
        "unit": "шт.",
        "quantity": 1,
        "price": 20,
        "total": 20
      }
    ],
    "id": 11,
    "orderId": 263,
    "invoiceNumber": "2025-05-0263",
    "invoiceDate": "2025-05-06T01:28:42.000Z",
    "supplierId": 1,
    "supplierName": "ФОП Пилипенко А.Ю.",
    "buyerId": 6,
    "buyerName": "awdawd",
    "totalSum": 20,
    "createdAt": "2025-05-06T01:28:42.000Z",
    "updatedAt": "2025-05-06T01:28:42.000Z",
    "userId": 1
  },
  {
    "items": [
      {
        "name": "Цифровий друк в аркушах",
        "unit": "шт.",
        "quantity": 1,
        "price": 20,
        "total": 20
      }
    ],
    "id": 12,
    "orderId": 263,
    "invoiceNumber": "2025-05-0263",
    "invoiceDate": "2025-05-08T00:31:44.000Z",
    "supplierId": 1,
    "supplierName": "ФОП Пилипенко А.Ю.",
    "buyerId": 6,
    "buyerName": "awdawd",
    "totalSum": 20,
    "createdAt": "2025-05-08T00:31:44.000Z",
    "updatedAt": "2025-05-08T00:31:44.000Z",
    "userId": 1
  },
  {
    "items": [
      {
        "name": "Цифровий друк в аркушах",
        "unit": "шт.",
        "quantity": 1,
        "price": 20,
        "total": 20
      }
    ],
    "id": 13,
    "orderId": 263,
    "invoiceNumber": "2025-05-0263",
    "invoiceDate": "2025-05-08T07:29:59.000Z",
    "supplierId": 1,
    "supplierName": "ФОП Пилипенко А.Ю.",
    "buyerId": 10,
    "buyerName": "Петя",
    "totalSum": 20,
    "createdAt": "2025-05-08T07:29:59.000Z",
    "updatedAt": "2025-05-08T07:29:59.000Z",
    "userId": 1
  },
  {
    "items": [
      {
        "name": "Цифровий друк в аркушах",
        "unit": "шт.",
        "quantity": 1,
        "price": 20,
        "total": 20
      }
    ],
    "id": 14,
    "orderId": 263,
    "invoiceNumber": "2025-05-0263",
    "invoiceDate": "2025-05-08T07:33:24.000Z",
    "supplierId": 1,
    "supplierName": "ФОП Пилипенко А.Ю.",
    "buyerId": 11,
    "buyerName": "Артем Юрійович",
    "totalSum": 20,
    "createdAt": "2025-05-08T07:33:24.000Z",
    "updatedAt": "2025-05-08T07:33:24.000Z",
    "userId": 1
  },
  {
    "items": [
      {
        "name": "Цифровий друк в аркушах",
        "unit": "шт.",
        "quantity": 1,
        "price": 40,
        "total": 40
      }
    ],
    "id": 15,
    "orderId": 269,
    "invoiceNumber": "2025-05-0269",
    "invoiceDate": "2025-05-09T04:20:51.000Z",
    "supplierId": 1,
    "supplierName": "ФОП Пилипенко А.Ю.",
    "buyerId": 9,
    "buyerName": "Пилипенко Артем Юрійович",
    "totalSum": 40,
    "createdAt": "2025-05-09T04:20:51.000Z",
    "updatedAt": "2025-05-09T04:20:51.000Z",
    "userId": 1
  },
  {
    "items": [
      {
        "name": "Цифровий друк в аркушах",
        "unit": "шт.",
        "quantity": 1,
        "price": 40,
        "total": 40
      }
    ],
    "id": 16,
    "orderId": 269,
    "invoiceNumber": "2025-05-0269",
    "invoiceDate": "2025-05-09T04:57:59.000Z",
    "supplierId": 1,
    "supplierName": "ФОП Пилипенко А.Ю.",
    "buyerId": 9,
    "buyerName": "Пилипенко Артем Юрійович",
    "totalSum": 40,
    "createdAt": "2025-05-09T04:57:59.000Z",
    "updatedAt": "2025-05-09T04:57:59.000Z",
    "userId": 1
  },
  {
    "items": [
      {
        "name": "Цифровий друк в аркушах",
        "unit": "шт.",
        "quantity": 1,
        "price": 40,
        "total": 40
      }
    ],
    "id": 17,
    "orderId": 269,
    "invoiceNumber": "2025-05-0269",
    "invoiceDate": "2025-05-09T04:58:58.000Z",
    "supplierId": 1,
    "supplierName": "ФОП Пилипенко А.Ю.",
    "buyerId": 12,
    "buyerName": "3333",
    "totalSum": 40,
    "createdAt": "2025-05-09T04:58:58.000Z",
    "updatedAt": "2025-05-09T04:58:58.000Z",
    "userId": 1
  },
  {
    "items": [
      {
        "name": "Цифровий друк в аркушах",
        "unit": "шт.",
        "quantity": 1,
        "price": 40,
        "total": 40
      },
      {
        "name": "Цифровий друк в аркушах",
        "unit": "шт.",
        "quantity": 1,
        "price": 40,
        "total": 40
      },
      {
        "name": "Цифровий друк в аркушах",
        "unit": "шт.",
        "quantity": 1,
        "price": 8.75,
        "total": 140
      },
      {
        "name": "Цифровий друк в аркушах",
        "unit": "шт.",
        "quantity": 1,
        "price": 78.74418604651163,
        "total": 3386
      },
      {
        "name": "Цифровий друк в аркушах",
        "unit": "шт.",
        "quantity": 1,
        "price": 238.7,
        "total": 249.7
      },
      {
        "name": "Продукція широкоформатного друку в аркушах",
        "unit": "шт.",
        "quantity": 1,
        "price": 700,
        "total": 700
      }
    ],
    "id": 18,
    "orderId": 269,
    "invoiceNumber": "2025-05-0269",
    "invoiceDate": "2025-05-12T05:07:12.000Z",
    "supplierId": 1,
    "supplierName": "ФОП Пилипенко А.Ю.",
    "buyerId": 12,
    "buyerName": "3333",
    "totalSum": 4555.7,
    "createdAt": "2025-05-12T05:07:12.000Z",
    "updatedAt": "2025-05-12T05:07:12.000Z",
    "userId": 1
  },
  {
    "items": [
      {
        "name": "Цифровий друк в аркушах",
        "unit": "шт.",
        "quantity": 1,
        "price": 40,
        "total": 40
      },
      {
        "name": "Цифровий друк в аркушах",
        "unit": "шт.",
        "quantity": 1,
        "price": 40,
        "total": 40
      },
      {
        "name": "Цифровий друк в аркушах",
        "unit": "шт.",
        "quantity": 1,
        "price": 8.75,
        "total": 140
      },
      {
        "name": "Цифровий друк в аркушах",
        "unit": "шт.",
        "quantity": 1,
        "price": 78.74418604651163,
        "total": 3386
      },
      {
        "name": "Цифровий друк в аркушах",
        "unit": "шт.",
        "quantity": 1,
        "price": 238.7,
        "total": 249.7
      },
      {
        "name": "Продукція широкоформатного друку в аркушах",
        "unit": "шт.",
        "quantity": 1,
        "price": 700,
        "total": 700
      }
    ],
    "id": 19,
    "orderId": 269,
    "invoiceNumber": "2025-05-0269",
    "invoiceDate": "2025-05-12T18:02:47.000Z",
    "supplierId": 1,
    "supplierName": "ФОП Пилипенко А.Ю.",
    "buyerId": 8,
    "buyerName": "уыаыуа",
    "totalSum": 4555.7,
    "createdAt": "2025-05-12T18:02:47.000Z",
    "updatedAt": "2025-05-12T18:02:47.000Z",
    "userId": 1
  },
  {
    "items": [
      {
        "name": "Цифровий друк в аркушах",
        "unit": "шт.",
        "quantity": 1,
        "price": 40,
        "total": 40
      },
      {
        "name": "Цифровий друк в аркушах",
        "unit": "шт.",
        "quantity": 1,
        "price": 40,
        "total": 40
      }
    ],
    "id": 20,
    "orderId": 264,
    "invoiceNumber": "2025-05-0264",
    "invoiceDate": "2025-05-13T12:53:45.000Z",
    "supplierId": 1,
    "supplierName": "ФОП Пилипенко А.Ю.",
    "buyerId": 1,
    "buyerName": "ФОП Пилипенко А.Ю.",
    "totalSum": 80,
    "createdAt": "2025-05-13T12:53:45.000Z",
    "updatedAt": "2025-05-13T12:53:45.000Z",
    "userId": 1
  },
  {
    "items": [
      {
        "name": "Цифровий друк в аркушах",
        "unit": "шт.",
        "quantity": 1,
        "price": 40,
        "total": 40
      },
      {
        "name": "Цифровий друк в аркушах",
        "unit": "шт.",
        "quantity": 1,
        "price": 40,
        "total": 40
      },
      {
        "name": "Цифровий друк в аркушах",
        "unit": "шт.",
        "quantity": 1,
        "price": 8.75,
        "total": 140
      },
      {
        "name": "Цифровий друк в аркушах",
        "unit": "шт.",
        "quantity": 1,
        "price": 78.74418604651163,
        "total": 3386
      },
      {
        "name": "Цифровий друк в аркушах",
        "unit": "шт.",
        "quantity": 1,
        "price": 238.7,
        "total": 249.7
      },
      {
        "name": "Продукція широкоформатного друку в аркушах",
        "unit": "шт.",
        "quantity": 1,
        "price": 700,
        "total": 700
      }
    ],
    "id": 21,
    "orderId": 269,
    "invoiceNumber": "2025-05-0269",
    "invoiceDate": "2025-05-13T18:11:43.000Z",
    "supplierId": 1,
    "supplierName": "ФОП Пилипенко А.Ю.",
    "buyerId": 9,
    "buyerName": "Пилипенко Артем Юрійович",
    "totalSum": 4555.7,
    "createdAt": "2025-05-13T18:11:43.000Z",
    "updatedAt": "2025-05-13T18:11:43.000Z",
    "userId": 1
  },
  {
    "items": [
      {
        "name": "Цифровий друк в аркушах",
        "unit": "шт.",
        "quantity": 1,
        "price": 40,
        "total": 40
      },
      {
        "name": "Цифровий друк в аркушах",
        "unit": "шт.",
        "quantity": 1,
        "price": 40,
        "total": 40
      },
      {
        "name": "Цифровий друк в аркушах",
        "unit": "шт.",
        "quantity": 1,
        "price": 8.75,
        "total": 140
      },
      {
        "name": "Цифровий друк в аркушах",
        "unit": "шт.",
        "quantity": 1,
        "price": 78.74418604651163,
        "total": 3386
      },
      {
        "name": "Цифровий друк в аркушах",
        "unit": "шт.",
        "quantity": 1,
        "price": 238.7,
        "total": 249.7
      },
      {
        "name": "Продукція широкоформатного друку в аркушах",
        "unit": "шт.",
        "quantity": 1,
        "price": 700,
        "total": 700
      }
    ],
    "id": 22,
    "orderId": 269,
    "invoiceNumber": "2025-05-0269",
    "invoiceDate": "2025-05-14T11:01:16.000Z",
    "supplierId": 1,
    "supplierName": "ФОП Пилипенко А.Ю.",
    "buyerId": 1,
    "buyerName": "ФОП Пилипенко А.Ю.",
    "totalSum": 4555.7,
    "createdAt": "2025-05-14T11:01:16.000Z",
    "updatedAt": "2025-05-14T11:01:16.000Z",
    "userId": 1
  },
  {
    "items": [
      {
        "name": "Цифровий друк в аркушах",
        "unit": "шт.",
        "quantity": 1,
        "price": 40,
        "total": 40
      },
      {
        "name": "Цифровий друк в аркушах",
        "unit": "шт.",
        "quantity": 1,
        "price": 40,
        "total": 40
      },
      {
        "name": "Цифровий друк в аркушах",
        "unit": "шт.",
        "quantity": 1,
        "price": 8.75,
        "total": 140
      },
      {
        "name": "Цифровий друк в аркушах",
        "unit": "шт.",
        "quantity": 1,
        "price": 78.74418604651163,
        "total": 3386
      },
      {
        "name": "Цифровий друк в аркушах",
        "unit": "шт.",
        "quantity": 1,
        "price": 238.7,
        "total": 249.7
      },
      {
        "name": "Продукція широкоформатного друку в аркушах",
        "unit": "шт.",
        "quantity": 1,
        "price": 700,
        "total": 700
      }
    ],
    "id": 23,
    "orderId": 269,
    "invoiceNumber": "2025-05-0269",
    "invoiceDate": "2025-05-14T11:10:46.000Z",
    "supplierId": 1,
    "supplierName": "ФОП Пилипенко А.Ю.",
    "buyerId": 1,
    "buyerName": "ФОП Пилипенко А.Ю.",
    "totalSum": 4555.7,
    "createdAt": "2025-05-14T11:10:46.000Z",
    "updatedAt": "2025-05-14T11:10:46.000Z",
    "userId": 1
  },
  {
    "items": [
      {
        "name": "Цифровий друк в аркушах",
        "unit": "шт.",
        "quantity": 1,
        "price": 53,
        "total": 53
      }
    ],
    "id": 24,
    "orderId": 267,
    "invoiceNumber": "2025-05-0267",
    "invoiceDate": "2025-05-14T14:39:17.000Z",
    "supplierId": 1,
    "supplierName": "ФОП Пилипенко А.Ю.",
    "buyerId": 6,
    "buyerName": "awdawd",
    "totalSum": 53,
    "createdAt": "2025-05-14T14:39:17.000Z",
    "updatedAt": "2025-05-14T14:39:17.000Z",
    "userId": 1
  },
  {
    "items": [
      {
        "name": "Цифровий друк в аркушах",
        "unit": "шт.",
        "quantity": 1,
        "price": 40,
        "total": 40
      },
      {
        "name": "Цифровий друк в аркушах",
        "unit": "шт.",
        "quantity": 1,
        "price": 40,
        "total": 40
      },
      {
        "name": "Цифровий друк в аркушах",
        "unit": "шт.",
        "quantity": 1,
        "price": 8.75,
        "total": 140
      },
      {
        "name": "Цифровий друк в аркушах",
        "unit": "шт.",
        "quantity": 1,
        "price": 78.74418604651163,
        "total": 3386
      },
      {
        "name": "Цифровий друк в аркушах",
        "unit": "шт.",
        "quantity": 1,
        "price": 238.7,
        "total": 249.7
      },
      {
        "name": "Продукція широкоформатного друку в аркушах",
        "unit": "шт.",
        "quantity": 1,
        "price": 700,
        "total": 700
      }
    ],
    "id": 25,
    "orderId": 269,
    "invoiceNumber": "2025-05-0269",
    "invoiceDate": "2025-05-15T02:52:28.000Z",
    "supplierId": 7,
    "supplierName": "w",
    "buyerId": 9,
    "buyerName": "Пилипенко Артем Юрійович",
    "totalSum": 4555.7,
    "createdAt": "2025-05-15T02:52:28.000Z",
    "updatedAt": "2025-05-15T02:52:28.000Z",
    "userId": 1
  },
  {
    "items": [
      {
        "name": "Цифровий друк в аркушах",
        "unit": "шт.",
        "quantity": 1,
        "price": 40,
        "total": 40
      },
      {
        "name": "Цифровий друк в аркушах",
        "unit": "шт.",
        "quantity": 1,
        "price": 40,
        "total": 40
      },
      {
        "name": "Цифровий друк в аркушах",
        "unit": "шт.",
        "quantity": 1,
        "price": 8.75,
        "total": 140
      },
      {
        "name": "Цифровий друк в аркушах",
        "unit": "шт.",
        "quantity": 1,
        "price": 78.74418604651163,
        "total": 3386
      },
      {
        "name": "Цифровий друк в аркушах",
        "unit": "шт.",
        "quantity": 1,
        "price": 238.7,
        "total": 249.7
      },
      {
        "name": "Продукція широкоформатного друку в аркушах",
        "unit": "шт.",
        "quantity": 1,
        "price": 700,
        "total": 700
      }
    ],
    "id": 26,
    "orderId": 269,
    "invoiceNumber": "2025-05-0269",
    "invoiceDate": "2025-05-15T03:00:56.000Z",
    "supplierId": 1,
    "supplierName": "ФОП Пилипенко А.Ю.",
    "buyerId": 24,
    "buyerName": "Не Артем",
    "totalSum": 4555.7,
    "createdAt": "2025-05-15T03:00:56.000Z",
    "updatedAt": "2025-05-15T03:00:56.000Z",
    "userId": 1
  },
  {
    "items": [
      {
        "name": "Цифровий друк в аркушах",
        "unit": "шт.",
        "quantity": 1,
        "price": 40,
        "total": 40
      },
      {
        "name": "Цифровий друк в аркушах",
        "unit": "шт.",
        "quantity": 1,
        "price": 40,
        "total": 40
      },
      {
        "name": "Цифровий друк в аркушах",
        "unit": "шт.",
        "quantity": 1,
        "price": 8.75,
        "total": 140
      },
      {
        "name": "Цифровий друк в аркушах",
        "unit": "шт.",
        "quantity": 1,
        "price": 78.74418604651163,
        "total": 3386
      },
      {
        "name": "Цифровий друк в аркушах",
        "unit": "шт.",
        "quantity": 1,
        "price": 238.7,
        "total": 249.7
      },
      {
        "name": "Продукція широкоформатного друку в аркушах",
        "unit": "шт.",
        "quantity": 1,
        "price": 700,
        "total": 700
      }
    ],
    "id": 27,
    "orderId": 269,
    "invoiceNumber": "2025-05-0269",
    "invoiceDate": "2025-05-15T03:01:39.000Z",
    "supplierId": 1,
    "supplierName": "ФОП Пилипенко А.Ю.",
    "buyerId": 24,
    "buyerName": "Не Артем",
    "totalSum": 4555.7,
    "createdAt": "2025-05-15T03:01:39.000Z",
    "updatedAt": "2025-05-15T03:01:39.000Z",
    "userId": 1
  },
  {
    "items": [
      {
        "name": "Цифровий друк в аркушах",
        "unit": "шт.",
        "quantity": 1,
        "price": 40,
        "total": 40
      },
      {
        "name": "Цифровий друк в аркушах",
        "unit": "шт.",
        "quantity": 1,
        "price": 40,
        "total": 40
      },
      {
        "name": "Цифровий друк в аркушах",
        "unit": "шт.",
        "quantity": 1,
        "price": 8.75,
        "total": 140
      },
      {
        "name": "Цифровий друк в аркушах",
        "unit": "шт.",
        "quantity": 1,
        "price": 78.74418604651163,
        "total": 3386
      },
      {
        "name": "Цифровий друк в аркушах",
        "unit": "шт.",
        "quantity": 1,
        "price": 238.7,
        "total": 249.7
      },
      {
        "name": "Продукція широкоформатного друку в аркушах",
        "unit": "шт.",
        "quantity": 1,
        "price": 700,
        "total": 700
      }
    ],
    "id": 28,
    "orderId": 269,
    "invoiceNumber": "2025-05-0269",
    "invoiceDate": "2025-05-15T03:04:24.000Z",
    "supplierId": 1,
    "supplierName": "ФОП Пилипенко А.Ю.",
    "buyerId": 24,
    "buyerName": "Не Артем",
    "totalSum": 4555.7,
    "createdAt": "2025-05-15T03:04:24.000Z",
    "updatedAt": "2025-05-15T03:04:24.000Z",
    "userId": 1
  },
  {
    "items": [
      {
        "name": "Цифровий друк в аркушах",
        "unit": "шт.",
        "quantity": 1,
        "price": 40,
        "total": 40
      },
      {
        "name": "Цифровий друк в аркушах",
        "unit": "шт.",
        "quantity": 1,
        "price": 40,
        "total": 40
      },
      {
        "name": "Цифровий друк в аркушах",
        "unit": "шт.",
        "quantity": 1,
        "price": 8.75,
        "total": 140
      },
      {
        "name": "Цифровий друк в аркушах",
        "unit": "шт.",
        "quantity": 1,
        "price": 78.74418604651163,
        "total": 3386
      },
      {
        "name": "Цифровий друк в аркушах",
        "unit": "шт.",
        "quantity": 1,
        "price": 238.7,
        "total": 249.7
      },
      {
        "name": "Продукція широкоформатного друку в аркушах",
        "unit": "шт.",
        "quantity": 1,
        "price": 700,
        "total": 700
      }
    ],
    "id": 29,
    "orderId": 269,
    "invoiceNumber": "2025-05-0269",
    "invoiceDate": "2025-05-15T03:04:52.000Z",
    "supplierId": 1,
    "supplierName": "ФОП Пилипенко А.Ю.",
    "buyerId": 24,
    "buyerName": "Не Артем",
    "totalSum": 4555.7,
    "createdAt": "2025-05-15T03:04:52.000Z",
    "updatedAt": "2025-05-15T03:04:52.000Z",
    "userId": 1
  },
  {
    "items": [
      {
        "name": "Цифровий друк в аркушах",
        "unit": "шт.",
        "quantity": 1,
        "price": 40,
        "total": 40
      },
      {
        "name": "Цифровий друк в аркушах",
        "unit": "шт.",
        "quantity": 1,
        "price": 40,
        "total": 40
      },
      {
        "name": "Цифровий друк в аркушах",
        "unit": "шт.",
        "quantity": 1,
        "price": 8.75,
        "total": 140
      },
      {
        "name": "Цифровий друк в аркушах",
        "unit": "шт.",
        "quantity": 1,
        "price": 78.74418604651163,
        "total": 3386
      },
      {
        "name": "Цифровий друк в аркушах",
        "unit": "шт.",
        "quantity": 1,
        "price": 238.7,
        "total": 249.7
      },
      {
        "name": "Продукція широкоформатного друку в аркушах",
        "unit": "шт.",
        "quantity": 1,
        "price": 700,
        "total": 700
      }
    ],
    "id": 30,
    "orderId": 269,
    "invoiceNumber": "2025-05-0269",
    "invoiceDate": "2025-05-15T03:06:50.000Z",
    "supplierId": 9,
    "supplierName": "Пилипенко Артем Юрійович ПДВ",
    "buyerId": 25,
    "buyerName": "Не Артем",
    "totalSum": 4555.7,
    "createdAt": "2025-05-15T03:06:50.000Z",
    "updatedAt": "2025-05-15T03:06:50.000Z",
    "userId": 1
  },
  {
    "items": [
      {
        "name": "Цифровий друк в аркушах",
        "unit": "шт.",
        "quantity": 1,
        "price": 40,
        "total": 40
      },
      {
        "name": "Цифровий друк в аркушах",
        "unit": "шт.",
        "quantity": 1,
        "price": 40,
        "total": 40
      },
      {
        "name": "Цифровий друк в аркушах",
        "unit": "шт.",
        "quantity": 1,
        "price": 8.75,
        "total": 140
      },
      {
        "name": "Цифровий друк в аркушах",
        "unit": "шт.",
        "quantity": 1,
        "price": 78.74418604651163,
        "total": 3386
      },
      {
        "name": "Цифровий друк в аркушах",
        "unit": "шт.",
        "quantity": 1,
        "price": 238.7,
        "total": 249.7
      },
      {
        "name": "Продукція широкоформатного друку в аркушах",
        "unit": "шт.",
        "quantity": 1,
        "price": 700,
        "total": 700
      }
    ],
    "id": 31,
    "orderId": 269,
    "invoiceNumber": "2025-05-0269",
    "invoiceDate": "2025-05-15T03:10:57.000Z",
    "supplierId": 9,
    "supplierName": "Пилипенко Артем Юрійович ПДВ",
    "buyerId": 25,
    "buyerName": "Не Артем",
    "totalSum": 4555.7,
    "createdAt": "2025-05-15T03:10:57.000Z",
    "updatedAt": "2025-05-15T03:10:57.000Z",
    "userId": 1
  },
  {
    "items": [
      {
        "name": "Цифровий друк в аркушах",
        "unit": "шт.",
        "quantity": 1,
        "price": 40,
        "total": 40
      },
      {
        "name": "Цифровий друк в аркушах",
        "unit": "шт.",
        "quantity": 1,
        "price": 40,
        "total": 40
      },
      {
        "name": "Цифровий друк в аркушах",
        "unit": "шт.",
        "quantity": 1,
        "price": 8.75,
        "total": 140
      },
      {
        "name": "Цифровий друк в аркушах",
        "unit": "шт.",
        "quantity": 1,
        "price": 78.74418604651163,
        "total": 3386
      },
      {
        "name": "Цифровий друк в аркушах",
        "unit": "шт.",
        "quantity": 1,
        "price": 238.7,
        "total": 249.7
      },
      {
        "name": "Продукція широкоформатного друку в аркушах",
        "unit": "шт.",
        "quantity": 1,
        "price": 700,
        "total": 700
      }
    ],
    "id": 32,
    "orderId": 269,
    "invoiceNumber": "2025-05-0269",
    "invoiceDate": "2025-05-15T03:12:11.000Z",
    "supplierId": 9,
    "supplierName": "Пилипенко Артем Юрійович ПДВ",
    "buyerId": 25,
    "buyerName": "Не Артем",
    "totalSum": 4555.7,
    "createdAt": "2025-05-15T03:12:11.000Z",
    "updatedAt": "2025-05-15T03:12:11.000Z",
    "userId": 1
  },
  {
    "items": [
      {
        "name": "Цифровий друк в аркушах",
        "unit": "шт.",
        "quantity": 1,
        "price": 40,
        "total": 40
      },
      {
        "name": "Цифровий друк в аркушах",
        "unit": "шт.",
        "quantity": 1,
        "price": 40,
        "total": 40
      },
      {
        "name": "Цифровий друк в аркушах",
        "unit": "шт.",
        "quantity": 1,
        "price": 8.75,
        "total": 140
      },
      {
        "name": "Цифровий друк в аркушах",
        "unit": "шт.",
        "quantity": 1,
        "price": 78.74418604651163,
        "total": 3386
      },
      {
        "name": "Цифровий друк в аркушах",
        "unit": "шт.",
        "quantity": 1,
        "price": 238.7,
        "total": 249.7
      },
      {
        "name": "Продукція широкоформатного друку в аркушах",
        "unit": "шт.",
        "quantity": 1,
        "price": 700,
        "total": 700
      }
    ],
    "id": 33,
    "orderId": 269,
    "invoiceNumber": "2025-05-0269",
    "invoiceDate": "2025-05-16T16:44:00.000Z",
    "supplierId": 9,
    "supplierName": "Пилипенко Артем Юрійович ПДВ",
    "buyerId": 6,
    "buyerName": "awdawd",
    "totalSum": 4555.7,
    "createdAt": "2025-05-16T16:44:00.000Z",
    "updatedAt": "2025-05-16T16:44:00.000Z",
    "userId": 1
  },
  {
    "items": [
      {
        "name": "Цифровий друк в аркушах",
        "unit": "шт.",
        "quantity": 1,
        "price": 40,
        "total": 40
      },
      {
        "name": "Цифровий друк в аркушах",
        "unit": "шт.",
        "quantity": 1,
        "price": 40,
        "total": 40
      },
      {
        "name": "Цифровий друк в аркушах",
        "unit": "шт.",
        "quantity": 1,
        "price": 8.75,
        "total": 140
      },
      {
        "name": "Цифровий друк в аркушах",
        "unit": "шт.",
        "quantity": 1,
        "price": 78.74418604651163,
        "total": 3386
      },
      {
        "name": "Цифровий друк в аркушах",
        "unit": "шт.",
        "quantity": 1,
        "price": 238.7,
        "total": 249.7
      },
      {
        "name": "Продукція широкоформатного друку в аркушах",
        "unit": "шт.",
        "quantity": 1,
        "price": 700,
        "total": 700
      }
    ],
    "id": 34,
    "orderId": 269,
    "invoiceNumber": "2025-05-0269",
    "invoiceDate": "2025-05-16T16:44:27.000Z",
    "supplierId": 9,
    "supplierName": "Пилипенко Артем Юрійович ПДВ",
    "buyerId": 6,
    "buyerName": "awdawd",
    "totalSum": 4555.7,
    "createdAt": "2025-05-16T16:44:27.000Z",
    "updatedAt": "2025-05-16T16:44:27.000Z",
    "userId": 1
  },
  {
    "items": [
      {
        "name": "Цифровий друк в аркушах",
        "unit": "шт.",
        "quantity": 1,
        "price": 40,
        "total": 40
      },
      {
        "name": "Цифровий друк в аркушах",
        "unit": "шт.",
        "quantity": 1,
        "price": 40,
        "total": 40
      },
      {
        "name": "Цифровий друк в аркушах",
        "unit": "шт.",
        "quantity": 1,
        "price": 8.75,
        "total": 140
      },
      {
        "name": "Цифровий друк в аркушах",
        "unit": "шт.",
        "quantity": 1,
        "price": 78.74418604651163,
        "total": 3386
      },
      {
        "name": "Цифровий друк в аркушах",
        "unit": "шт.",
        "quantity": 1,
        "price": 238.7,
        "total": 249.7
      },
      {
        "name": "Продукція широкоформатного друку в аркушах",
        "unit": "шт.",
        "quantity": 1,
        "price": 700,
        "total": 700
      }
    ],
    "id": 35,
    "orderId": 269,
    "invoiceNumber": "2025-05-0269",
    "invoiceDate": "2025-05-16T16:44:47.000Z",
    "supplierId": 9,
    "supplierName": "Пилипенко Артем Юрійович ПДВ",
    "buyerId": 6,
    "buyerName": "awdawd",
    "totalSum": 4555.7,
    "createdAt": "2025-05-16T16:44:47.000Z",
    "updatedAt": "2025-05-16T16:44:47.000Z",
    "userId": 1
  }
]