[
  {
    "id": null,
    "idKey": 2,
    "name": "Листова продукція з порізкою",
    "type": null,
    "typeUse": null,
    "idInStorageUnit": null,
    "units": null,
    "quantity": null,
    "amount": 8,
    "priceForOneThis": "90",
    "priceForThis": "720",
    "priceForAllThis": null,
    "x": null,
    "y": null,
    "xInStorage": null,
    "yInStorage": null,
    "price1": null,
    "price2": null,
    "price3": null,
    "price4": null,
    "price5": null,
    "newField1": null,
    "newField2": "297",
    "newField3": "420",
    "newField4": "1",
    "newField5": "8",
    "createdAt": "2025-02-21T16:34:47.000Z",
    "updatedAt": "2025-02-21T16:34:47.000Z",
    "orderId": 29
  },
  {
    "id": null,
    "idKey": 3,
    "name": "Листова продукція з порізкою",
    "type": null,
    "typeUse": null,
    "idInStorageUnit": null,
    "units": null,
    "quantity": null,
    "amount": 10,
    "priceForOneThis": "20",
    "priceForThis": "200",
    "priceForAllThis": null,
    "x": null,
    "y": null,
    "xInStorage": null,
    "yInStorage": null,
    "price1": null,
    "price2": null,
    "price3": null,
    "price4": null,
    "price5": null,
    "newField1": null,
    "newField2": "210",
    "newField3": "297",
    "newField4": "1",
    "newField5": "10",
    "createdAt": "2025-02-21T22:08:25.000Z",
    "updatedAt": "2025-02-21T22:08:25.000Z",
    "orderId": 28
  },
  {
    "id": null,
    "idKey": 4,
    "name": "Листова продукція з порізкою",
    "type": null,
    "typeUse": null,
    "idInStorageUnit": null,
    "units": null,
    "quantity": null,
    "amount": 100,
    "priceForOneThis": "30",
    "priceForThis": "3000",
    "priceForAllThis": null,
    "x": null,
    "y": null,
    "xInStorage": null,
    "yInStorage": null,
    "price1": null,
    "price2": null,
    "price3": null,
    "price4": null,
    "price5": null,
    "newField1": null,
    "newField2": "297",
    "newField3": "420",
    "newField4": "1",
    "newField5": "100",
    "createdAt": "2025-02-23T11:17:47.000Z",
    "updatedAt": "2025-02-23T11:17:47.000Z",
    "orderId": 34
  },
  {
    "id": null,
    "idKey": 6,
    "name": "PerepletMet",
    "type": null,
    "typeUse": null,
    "idInStorageUnit": null,
    "units": null,
    "quantity": null,
    "amount": 100,
    "priceForOneThis": null,
    "priceForThis": "8000",
    "priceForAllThis": null,
    "x": null,
    "y": null,
    "xInStorage": null,
    "yInStorage": null,
    "price1": null,
    "price2": null,
    "price3": null,
    "price4": null,
    "price5": null,
    "newField1": null,
    "newField2": "210",
    "newField3": "297",
    "newField4": null,
    "newField5": null,
    "createdAt": "2025-02-23T11:18:53.000Z",
    "updatedAt": "2025-02-23T11:18:53.000Z",
    "orderId": 34
  },
  {
    "id": null,
    "idKey": 9,
    "name": "Листова продукція з порізкою",
    "type": null,
    "typeUse": null,
    "idInStorageUnit": null,
    "units": null,
    "quantity": null,
    "amount": 504,
    "priceForOneThis": "26",
    "priceForThis": "13104",
    "priceForAllThis": null,
    "x": null,
    "y": null,
    "xInStorage": null,
    "yInStorage": null,
    "price1": null,
    "price2": null,
    "price3": null,
    "price4": null,
    "price5": null,
    "newField1": null,
    "newField2": "297",
    "newField3": "420",
    "newField4": "1",
    "newField5": "504",
    "createdAt": "2025-02-23T15:06:39.000Z",
    "updatedAt": "2025-02-23T15:06:39.000Z",
    "orderId": 34
  },
  {
    "id": null,
    "idKey": 10,
    "name": "Листова продукція з порізкою",
    "type": null,
    "typeUse": null,
    "idInStorageUnit": null,
    "units": null,
    "quantity": null,
    "amount": 10,
    "priceForOneThis": "90",
    "priceForThis": "900",
    "priceForAllThis": null,
    "x": null,
    "y": null,
    "xInStorage": null,
    "yInStorage": null,
    "price1": null,
    "price2": null,
    "price3": null,
    "price4": null,
    "price5": null,
    "newField1": null,
    "newField2": "297",
    "newField3": "420",
    "newField4": "1",
    "newField5": "10",
    "createdAt": "2025-02-26T10:26:52.000Z",
    "updatedAt": "2025-02-26T10:26:52.000Z",
    "orderId": 41
  },
  {
    "id": null,
    "idKey": 11,
    "name": "Листова продукція з порізкою",
    "type": null,
    "typeUse": null,
    "idInStorageUnit": null,
    "units": null,
    "quantity": null,
    "amount": 70,
    "priceForOneThis": "33.5",
    "priceForThis": "2345",
    "priceForAllThis": null,
    "x": null,
    "y": null,
    "xInStorage": null,
    "yInStorage": null,
    "price1": null,
    "price2": null,
    "price3": null,
    "price4": null,
    "price5": null,
    "newField1": null,
    "newField2": "210",
    "newField3": "297",
    "newField4": "2",
    "newField5": "35",
    "createdAt": "2025-02-26T10:27:18.000Z",
    "updatedAt": "2025-02-26T10:27:18.000Z",
    "orderId": 41
  },
  {
    "id": null,
    "idKey": 12,
    "name": "Перепліт без матеріалу(бумаги)",
    "type": null,
    "typeUse": null,
    "idInStorageUnit": null,
    "units": null,
    "quantity": null,
    "amount": 10,
    "priceForOneThis": null,
    "priceForThis": "120",
    "priceForAllThis": null,
    "x": null,
    "y": null,
    "xInStorage": null,
    "yInStorage": null,
    "price1": null,
    "price2": null,
    "price3": null,
    "price4": null,
    "price5": null,
    "newField1": null,
    "newField2": "210",
    "newField3": "297",
    "newField4": null,
    "newField5": null,
    "createdAt": "2025-02-26T10:27:42.000Z",
    "updatedAt": "2025-02-26T10:27:42.000Z",
    "orderId": 41
  },
  {
    "id": null,
    "idKey": 14,
    "name": "Листова продукція з порізкою",
    "type": null,
    "typeUse": null,
    "idInStorageUnit": null,
    "units": null,
    "quantity": null,
    "amount": 10,
    "priceForOneThis": "87",
    "priceForThis": "870",
    "priceForAllThis": null,
    "x": null,
    "y": null,
    "xInStorage": null,
    "yInStorage": null,
    "price1": null,
    "price2": null,
    "price3": null,
    "price4": null,
    "price5": null,
    "newField1": null,
    "newField2": "297",
    "newField3": "420",
    "newField4": "1",
    "newField5": "10",
    "createdAt": "2025-02-26T10:34:45.000Z",
    "updatedAt": "2025-02-26T10:34:45.000Z",
    "orderId": 42
  },
  {
    "id": null,
    "idKey": 15,
    "name": "Листова продукція з порізкою",
    "type": null,
    "typeUse": null,
    "idInStorageUnit": null,
    "units": null,
    "quantity": null,
    "amount": 80,
    "priceForOneThis": "40",
    "priceForThis": "3200",
    "priceForAllThis": null,
    "x": null,
    "y": null,
    "xInStorage": null,
    "yInStorage": null,
    "price1": null,
    "price2": null,
    "price3": null,
    "price4": null,
    "price5": null,
    "newField1": null,
    "newField2": "297",
    "newField3": "420",
    "newField4": "1",
    "newField5": "80",
    "createdAt": "2025-02-26T10:35:10.000Z",
    "updatedAt": "2025-02-26T10:35:10.000Z",
    "orderId": 42
  },
  {
    "id": null,
    "idKey": 16,
    "name": "Перепліт без матеріалу(бумаги)",
    "type": null,
    "typeUse": null,
    "idInStorageUnit": null,
    "units": null,
    "quantity": null,
    "amount": 10,
    "priceForOneThis": null,
    "priceForThis": "120",
    "priceForAllThis": null,
    "x": null,
    "y": null,
    "xInStorage": null,
    "yInStorage": null,
    "price1": null,
    "price2": null,
    "price3": null,
    "price4": null,
    "price5": null,
    "newField1": null,
    "newField2": "210",
    "newField3": "297",
    "newField4": null,
    "newField5": null,
    "createdAt": "2025-02-26T10:35:22.000Z",
    "updatedAt": "2025-02-26T10:35:22.000Z",
    "orderId": 42
  },
  {
    "id": null,
    "idKey": 18,
    "name": "Листова продукція з порізкою",
    "type": null,
    "typeUse": null,
    "idInStorageUnit": null,
    "units": null,
    "quantity": null,
    "amount": 70,
    "priceForOneThis": "47",
    "priceForThis": "3290",
    "priceForAllThis": null,
    "x": null,
    "y": null,
    "xInStorage": null,
    "yInStorage": null,
    "price1": null,
    "price2": null,
    "price3": null,
    "price4": null,
    "price5": null,
    "newField1": null,
    "newField2": "297",
    "newField3": "420",
    "newField4": "1",
    "newField5": "70",
    "createdAt": "2025-02-26T10:54:39.000Z",
    "updatedAt": "2025-02-26T10:54:39.000Z",
    "orderId": 44
  },
  {
    "id": null,
    "idKey": 19,
    "name": "Листова продукція з порізкою",
    "type": null,
    "typeUse": null,
    "idInStorageUnit": null,
    "units": null,
    "quantity": null,
    "amount": 10,
    "priceForOneThis": "90",
    "priceForThis": "900",
    "priceForAllThis": null,
    "x": null,
    "y": null,
    "xInStorage": null,
    "yInStorage": null,
    "price1": null,
    "price2": null,
    "price3": null,
    "price4": null,
    "price5": null,
    "newField1": null,
    "newField2": "297",
    "newField3": "420",
    "newField4": "1",
    "newField5": "10",
    "createdAt": "2025-02-26T10:55:05.000Z",
    "updatedAt": "2025-02-26T10:55:05.000Z",
    "orderId": 44
  },
  {
    "id": null,
    "idKey": 20,
    "name": "Перепліт без матеріалу(бумаги)",
    "type": null,
    "typeUse": null,
    "idInStorageUnit": null,
    "units": null,
    "quantity": null,
    "amount": 10,
    "priceForOneThis": null,
    "priceForThis": "120",
    "priceForAllThis": null,
    "x": null,
    "y": null,
    "xInStorage": null,
    "yInStorage": null,
    "price1": null,
    "price2": null,
    "price3": null,
    "price4": null,
    "price5": null,
    "newField1": null,
    "newField2": "210",
    "newField3": "297",
    "newField4": null,
    "newField5": null,
    "createdAt": "2025-02-26T10:55:17.000Z",
    "updatedAt": "2025-02-26T10:55:17.000Z",
    "orderId": 44
  },
  {
    "id": null,
    "idKey": 22,
    "name": "Листова продукція з порізкою",
    "type": null,
    "typeUse": null,
    "idInStorageUnit": null,
    "units": null,
    "quantity": null,
    "amount": 4,
    "priceForOneThis": "110",
    "priceForThis": "440",
    "priceForAllThis": null,
    "x": null,
    "y": null,
    "xInStorage": null,
    "yInStorage": null,
    "price1": null,
    "price2": null,
    "price3": null,
    "price4": null,
    "price5": null,
    "newField1": null,
    "newField2": "310",
    "newField3": "440",
    "newField4": "1",
    "newField5": "4",
    "createdAt": "2025-02-28T10:01:32.000Z",
    "updatedAt": "2025-02-28T10:01:32.000Z",
    "orderId": 51
  },
  {
    "id": null,
    "idKey": 23,
    "name": "Листова продукція з порізкою",
    "type": null,
    "typeUse": null,
    "idInStorageUnit": null,
    "units": null,
    "quantity": null,
    "amount": 12,
    "priceForOneThis": "87",
    "priceForThis": "1044",
    "priceForAllThis": null,
    "x": null,
    "y": null,
    "xInStorage": null,
    "yInStorage": null,
    "price1": null,
    "price2": null,
    "price3": null,
    "price4": null,
    "price5": null,
    "newField1": null,
    "newField2": "310",
    "newField3": "440",
    "newField4": "1",
    "newField5": "12",
    "createdAt": "2025-02-28T10:05:28.000Z",
    "updatedAt": "2025-02-28T10:05:28.000Z",
    "orderId": 51
  },
  {
    "id": null,
    "idKey": 25,
    "name": "Листова продукція з порізкою",
    "type": null,
    "typeUse": null,
    "idInStorageUnit": null,
    "units": null,
    "quantity": null,
    "amount": 8,
    "priceForOneThis": "33.75",
    "priceForThis": "270",
    "priceForAllThis": null,
    "x": null,
    "y": null,
    "xInStorage": null,
    "yInStorage": null,
    "price1": null,
    "price2": null,
    "price3": null,
    "price4": null,
    "price5": null,
    "newField1": null,
    "newField2": "210",
    "newField3": "297",
    "newField4": "2",
    "newField5": "4",
    "createdAt": "2025-02-28T16:58:34.000Z",
    "updatedAt": "2025-02-28T16:58:34.000Z",
    "orderId": 56
  },
  {
    "id": null,
    "idKey": 26,
    "name": "Чашка",
    "type": null,
    "typeUse": null,
    "idInStorageUnit": null,
    "units": null,
    "quantity": null,
    "amount": 1,
    "priceForOneThis": null,
    "priceForThis": "260",
    "priceForAllThis": null,
    "x": null,
    "y": null,
    "xInStorage": null,
    "yInStorage": null,
    "price1": null,
    "price2": null,
    "price3": null,
    "price4": null,
    "price5": null,
    "newField1": null,
    "newField2": "210",
    "newField3": "297",
    "newField4": null,
    "newField5": null,
    "createdAt": "2025-02-28T16:58:36.000Z",
    "updatedAt": "2025-02-28T16:58:36.000Z",
    "orderId": 56
  },
  {
    "id": null,
    "idKey": 27,
    "name": "Листова продукція з порізкою",
    "type": null,
    "typeUse": null,
    "idInStorageUnit": null,
    "units": null,
    "quantity": null,
    "amount": 10,
    "priceForOneThis": "33.75",
    "priceForThis": "337.5",
    "priceForAllThis": null,
    "x": null,
    "y": null,
    "xInStorage": null,
    "yInStorage": null,
    "price1": null,
    "price2": null,
    "price3": null,
    "price4": null,
    "price5": null,
    "newField1": null,
    "newField2": "210",
    "newField3": "297",
    "newField4": "2",
    "newField5": "5",
    "createdAt": "2025-02-28T16:58:56.000Z",
    "updatedAt": "2025-02-28T16:58:56.000Z",
    "orderId": 56
  },
  {
    "id": null,
    "idKey": 28,
    "name": "Листова продукція з порізкою",
    "type": null,
    "typeUse": null,
    "idInStorageUnit": null,
    "units": null,
    "quantity": null,
    "amount": 21,
    "priceForOneThis": "40",
    "priceForThis": "840",
    "priceForAllThis": null,
    "x": null,
    "y": null,
    "xInStorage": null,
    "yInStorage": null,
    "price1": null,
    "price2": null,
    "price3": null,
    "price4": null,
    "price5": null,
    "newField1": null,
    "newField2": "210",
    "newField3": "297",
    "newField4": "1",
    "newField5": "21",
    "createdAt": "2025-03-01T10:45:29.000Z",
    "updatedAt": "2025-03-01T10:45:29.000Z",
    "orderId": 58
  },
  {
    "id": null,
    "idKey": 30,
    "name": "Листова продукція з порізкою",
    "type": null,
    "typeUse": null,
    "idInStorageUnit": null,
    "units": null,
    "quantity": null,
    "amount": 2000,
    "priceForOneThis": "11.5",
    "priceForThis": "23000.00",
    "priceForAllThis": null,
    "x": null,
    "y": null,
    "xInStorage": null,
    "yInStorage": null,
    "price1": null,
    "price2": null,
    "price3": null,
    "price4": null,
    "price5": null,
    "newField1": null,
    "newField2": "210",
    "newField3": "297",
    "newField4": "2",
    "newField5": "1000",
    "createdAt": "2025-03-07T12:54:17.000Z",
    "updatedAt": "2025-03-07T12:54:17.000Z",
    "orderId": 76
  },
  {
    "id": null,
    "idKey": 31,
    "name": "Листова продукція з порізкою",
    "type": null,
    "typeUse": null,
    "idInStorageUnit": null,
    "units": null,
    "quantity": null,
    "amount": 17,
    "priceForOneThis": "98",
    "priceForThis": "1666.00",
    "priceForAllThis": null,
    "x": null,
    "y": null,
    "xInStorage": null,
    "yInStorage": null,
    "price1": null,
    "price2": null,
    "price3": null,
    "price4": null,
    "price5": null,
    "newField1": null,
    "newField2": "310",
    "newField3": "440",
    "newField4": "1",
    "newField5": "17",
    "createdAt": "2025-03-10T15:53:32.000Z",
    "updatedAt": "2025-03-10T15:53:32.000Z",
    "orderId": 86
  },
  {
    "id": null,
    "idKey": 32,
    "name": "Листова продукція з порізкою",
    "type": null,
    "typeUse": null,
    "idInStorageUnit": null,
    "units": null,
    "quantity": null,
    "amount": 2,
    "priceForOneThis": "110",
    "priceForThis": "220.00",
    "priceForAllThis": null,
    "x": null,
    "y": null,
    "xInStorage": null,
    "yInStorage": null,
    "price1": null,
    "price2": null,
    "price3": null,
    "price4": null,
    "price5": null,
    "newField1": null,
    "newField2": "310",
    "newField3": "440",
    "newField4": "1",
    "newField5": "2",
    "createdAt": "2025-03-10T15:54:39.000Z",
    "updatedAt": "2025-03-10T15:54:39.000Z",
    "orderId": 86
  },
  {
    "id": null,
    "idKey": 33,
    "name": "Листова продукція з порізкою",
    "type": null,
    "typeUse": null,
    "idInStorageUnit": null,
    "units": null,
    "quantity": null,
    "amount": 100,
    "priceForOneThis": "4.5",
    "priceForThis": "450.00",
    "priceForAllThis": null,
    "x": null,
    "y": null,
    "xInStorage": null,
    "yInStorage": null,
    "price1": null,
    "price2": null,
    "price3": null,
    "price4": null,
    "price5": null,
    "newField1": null,
    "newField2": "90",
    "newField3": "50",
    "newField4": "24",
    "newField5": "5",
    "createdAt": "2025-03-10T15:55:07.000Z",
    "updatedAt": "2025-03-10T15:55:07.000Z",
    "orderId": 86
  },
  {
    "id": null,
    "idKey": 34,
    "name": "Листова продукція з порізкою",
    "type": null,
    "typeUse": null,
    "idInStorageUnit": null,
    "units": null,
    "quantity": null,
    "amount": 2,
    "priceForOneThis": "57",
    "priceForThis": "114.00",
    "priceForAllThis": null,
    "x": null,
    "y": null,
    "xInStorage": null,
    "yInStorage": null,
    "price1": null,
    "price2": null,
    "price3": null,
    "price4": null,
    "price5": null,
    "newField1": null,
    "newField2": "297",
    "newField3": "420",
    "newField4": "1",
    "newField5": "2",
    "createdAt": "2025-03-10T15:55:28.000Z",
    "updatedAt": "2025-03-10T15:55:28.000Z",
    "orderId": 86
  },
  {
    "id": null,
    "idKey": 35,
    "name": "Фото друк",
    "type": null,
    "typeUse": null,
    "idInStorageUnit": null,
    "units": null,
    "quantity": null,
    "amount": 23,
    "priceForOneThis": "276",
    "priceForThis": "276.00",
    "priceForAllThis": null,
    "x": null,
    "y": null,
    "xInStorage": null,
    "yInStorage": null,
    "price1": null,
    "price2": null,
    "price3": null,
    "price4": null,
    "price5": null,
    "newField1": null,
    "newField2": "100",
    "newField3": "150",
    "newField4": "23",
    "newField5": "23",
    "createdAt": "2025-03-10T15:56:40.000Z",
    "updatedAt": "2025-03-10T15:56:40.000Z",
    "orderId": 86
  },
  {
    "id": null,
    "idKey": 36,
    "name": "Листова продукція з порізкою",
    "type": null,
    "typeUse": null,
    "idInStorageUnit": null,
    "units": null,
    "quantity": null,
    "amount": 24,
    "priceForOneThis": "13.75",
    "priceForThis": "330.00",
    "priceForAllThis": null,
    "x": null,
    "y": null,
    "xInStorage": null,
    "yInStorage": null,
    "price1": null,
    "price2": null,
    "price3": null,
    "price4": null,
    "price5": null,
    "newField1": null,
    "newField2": "105",
    "newField3": "148",
    "newField4": "8",
    "newField5": "3",
    "createdAt": "2025-03-10T15:57:01.000Z",
    "updatedAt": "2025-03-10T15:57:01.000Z",
    "orderId": 86
  },
  {
    "id": null,
    "idKey": 37,
    "name": "Листова продукція з порізкою",
    "type": null,
    "typeUse": null,
    "idInStorageUnit": null,
    "units": null,
    "quantity": null,
    "amount": 1,
    "priceForOneThis": "105",
    "priceForThis": "105.00",
    "priceForAllThis": null,
    "x": null,
    "y": null,
    "xInStorage": null,
    "yInStorage": null,
    "price1": null,
    "price2": null,
    "price3": null,
    "price4": null,
    "price5": null,
    "newField1": null,
    "newField2": "297",
    "newField3": "420",
    "newField4": "1",
    "newField5": "1",
    "createdAt": "2025-03-12T10:05:40.000Z",
    "updatedAt": "2025-03-12T10:05:40.000Z",
    "orderId": 94
  },
  {
    "id": null,
    "idKey": 38,
    "name": "Друк та висічка",
    "type": null,
    "typeUse": null,
    "idInStorageUnit": null,
    "units": null,
    "quantity": null,
    "amount": 3,
    "priceForOneThis": "130.00",
    "priceForThis": "390.00",
    "priceForAllThis": null,
    "x": null,
    "y": null,
    "xInStorage": null,
    "yInStorage": null,
    "price1": null,
    "price2": null,
    "price3": null,
    "price4": null,
    "price5": null,
    "newField1": null,
    "newField2": "310",
    "newField3": "440",
    "newField4": "1",
    "newField5": "3",
    "createdAt": "2025-03-12T10:05:57.000Z",
    "updatedAt": "2025-03-12T10:05:57.000Z",
    "orderId": 94
  },
  {
    "id": null,
    "idKey": 39,
    "name": "Листова продукція з порізкою",
    "type": null,
    "typeUse": null,
    "idInStorageUnit": null,
    "units": null,
    "quantity": null,
    "amount": 2,
    "priceForOneThis": "70",
    "priceForThis": "140.00",
    "priceForAllThis": null,
    "x": null,
    "y": null,
    "xInStorage": null,
    "yInStorage": null,
    "price1": null,
    "price2": null,
    "price3": null,
    "price4": null,
    "price5": null,
    "newField1": null,
    "newField2": "297",
    "newField3": "420",
    "newField4": "1",
    "newField5": "2",
    "createdAt": "2025-03-12T10:06:10.000Z",
    "updatedAt": "2025-03-12T10:06:10.000Z",
    "orderId": 94
  },
  {
    "id": null,
    "idKey": 40,
    "name": "Листова продукція з порізкою",
    "type": null,
    "typeUse": null,
    "idInStorageUnit": null,
    "units": null,
    "quantity": null,
    "amount": 3,
    "priceForOneThis": "56.666666666666664",
    "priceForThis": "170.00",
    "priceForAllThis": null,
    "x": null,
    "y": null,
    "xInStorage": null,
    "yInStorage": null,
    "price1": null,
    "price2": null,
    "price3": null,
    "price4": null,
    "price5": null,
    "newField1": null,
    "newField2": "210",
    "newField3": "297",
    "newField4": "2",
    "newField5": "2",
    "createdAt": "2025-03-13T13:32:39.000Z",
    "updatedAt": "2025-03-13T13:32:39.000Z",
    "orderId": 97
  },
  {
    "id": null,
    "idKey": 41,
    "name": "Листова продукція з порізкою",
    "type": null,
    "typeUse": null,
    "idInStorageUnit": null,
    "units": null,
    "quantity": null,
    "amount": 3,
    "priceForOneThis": "60",
    "priceForThis": "180.00",
    "priceForAllThis": null,
    "x": null,
    "y": null,
    "xInStorage": null,
    "yInStorage": null,
    "price1": null,
    "price2": null,
    "price3": null,
    "price4": null,
    "price5": null,
    "newField1": null,
    "newField2": "310",
    "newField3": "440",
    "newField4": "1",
    "newField5": "3",
    "createdAt": "2025-03-13T13:32:49.000Z",
    "updatedAt": "2025-03-13T13:32:49.000Z",
    "orderId": 97
  },
  {
    "id": null,
    "idKey": 42,
    "name": "Друк та висічка",
    "type": null,
    "typeUse": null,
    "idInStorageUnit": null,
    "units": null,
    "quantity": null,
    "amount": 8,
    "priceForOneThis": "130.00",
    "priceForThis": "1040.00",
    "priceForAllThis": null,
    "x": null,
    "y": null,
    "xInStorage": null,
    "yInStorage": null,
    "price1": null,
    "price2": null,
    "price3": null,
    "price4": null,
    "price5": null,
    "newField1": null,
    "newField2": "310",
    "newField3": "440",
    "newField4": "1",
    "newField5": "8",
    "createdAt": "2025-03-13T13:33:32.000Z",
    "updatedAt": "2025-03-13T13:33:32.000Z",
    "orderId": 97
  },
  {
    "id": null,
    "idKey": 43,
    "name": "Друк та висічка",
    "type": null,
    "typeUse": null,
    "idInStorageUnit": null,
    "units": null,
    "quantity": null,
    "amount": 20,
    "priceForOneThis": "80.00",
    "priceForThis": "1600.00",
    "priceForAllThis": null,
    "x": null,
    "y": null,
    "xInStorage": null,
    "yInStorage": null,
    "price1": null,
    "price2": null,
    "price3": null,
    "price4": null,
    "price5": null,
    "newField1": null,
    "newField2": "310",
    "newField3": "440",
    "newField4": "1",
    "newField5": "20",
    "createdAt": "2025-03-13T13:33:43.000Z",
    "updatedAt": "2025-03-13T13:33:43.000Z",
    "orderId": 97
  },
  {
    "id": null,
    "idKey": 44,
    "name": "Листова продукція з порізкою",
    "type": null,
    "typeUse": null,
    "idInStorageUnit": null,
    "units": null,
    "quantity": null,
    "amount": 10,
    "priceForOneThis": "86.8125",
    "priceForThis": "868.13",
    "priceForAllThis": null,
    "x": null,
    "y": null,
    "xInStorage": null,
    "yInStorage": null,
    "price1": null,
    "price2": null,
    "price3": null,
    "price4": null,
    "price5": null,
    "newField1": null,
    "newField2": "210",
    "newField3": "297",
    "newField4": "2",
    "newField5": "5",
    "createdAt": "2025-03-13T13:34:07.000Z",
    "updatedAt": "2025-03-13T13:34:07.000Z",
    "orderId": 97
  },
  {
    "id": null,
    "idKey": 45,
    "name": "Листова продукція з порізкою",
    "type": null,
    "typeUse": null,
    "idInStorageUnit": null,
    "units": null,
    "quantity": null,
    "amount": 127,
    "priceForOneThis": "47",
    "priceForThis": "5969.00",
    "priceForAllThis": null,
    "x": null,
    "y": null,
    "xInStorage": null,
    "yInStorage": null,
    "price1": null,
    "price2": null,
    "price3": null,
    "price4": null,
    "price5": null,
    "newField1": null,
    "newField2": "297",
    "newField3": "420",
    "newField4": "1",
    "newField5": "127",
    "createdAt": "2025-03-14T16:16:57.000Z",
    "updatedAt": "2025-03-14T16:16:57.000Z",
    "orderId": 102
  },
  {
    "id": null,
    "idKey": 46,
    "name": "Листова продукція з порізкою",
    "type": null,
    "typeUse": null,
    "idInStorageUnit": null,
    "units": null,
    "quantity": null,
    "amount": 40,
    "priceForOneThis": "67",
    "priceForThis": "2680.00",
    "priceForAllThis": null,
    "x": null,
    "y": null,
    "xInStorage": null,
    "yInStorage": null,
    "price1": null,
    "price2": null,
    "price3": null,
    "price4": null,
    "price5": null,
    "newField1": null,
    "newField2": "310",
    "newField3": "440",
    "newField4": "1",
    "newField5": "40",
    "createdAt": "2025-03-14T16:17:21.000Z",
    "updatedAt": "2025-03-14T16:17:21.000Z",
    "orderId": 102
  },
  {
    "id": null,
    "idKey": 47,
    "name": "Листова продукція з порізкою",
    "type": null,
    "typeUse": null,
    "idInStorageUnit": null,
    "units": null,
    "quantity": null,
    "amount": 1200,
    "priceForOneThis": "20.5",
    "priceForThis": "24600.00",
    "priceForAllThis": null,
    "x": null,
    "y": null,
    "xInStorage": null,
    "yInStorage": null,
    "price1": null,
    "price2": null,
    "price3": null,
    "price4": null,
    "price5": null,
    "newField1": null,
    "newField2": "210",
    "newField3": "297",
    "newField4": "2",
    "newField5": "600",
    "createdAt": "2025-03-18T14:18:24.000Z",
    "updatedAt": "2025-03-18T14:18:24.000Z",
    "orderId": 112
  },
  {
    "id": null,
    "idKey": 48,
    "name": "Листова продукція з порізкою",
    "type": null,
    "typeUse": null,
    "idInStorageUnit": null,
    "units": null,
    "quantity": null,
    "amount": 1500,
    "priceForOneThis": "20",
    "priceForThis": "30000.00",
    "priceForAllThis": null,
    "x": null,
    "y": null,
    "xInStorage": null,
    "yInStorage": null,
    "price1": null,
    "price2": null,
    "price3": null,
    "price4": null,
    "price5": null,
    "newField1": null,
    "newField2": "210",
    "newField3": "297",
    "newField4": "2",
    "newField5": "750",
    "createdAt": "2025-03-18T14:29:38.000Z",
    "updatedAt": "2025-03-18T14:29:38.000Z",
    "orderId": 114
  },
  {
    "id": null,
    "idKey": 49,
    "name": "Листова продукція з порізкою",
    "type": null,
    "typeUse": null,
    "idInStorageUnit": null,
    "units": null,
    "quantity": null,
    "amount": 100,
    "priceForOneThis": "23.5",
    "priceForThis": "2350.00",
    "priceForAllThis": null,
    "x": null,
    "y": null,
    "xInStorage": null,
    "yInStorage": null,
    "price1": null,
    "price2": null,
    "price3": null,
    "price4": null,
    "price5": null,
    "newField1": null,
    "newField2": "210",
    "newField3": "297",
    "newField4": "2",
    "newField5": "50",
    "createdAt": "2025-03-20T06:47:43.000Z",
    "updatedAt": "2025-03-20T06:47:43.000Z",
    "orderId": 120
  },
  {
    "id": null,
    "idKey": 50,
    "name": "Листова продукція з порізкою",
    "type": null,
    "typeUse": null,
    "idInStorageUnit": null,
    "units": null,
    "quantity": null,
    "amount": 25,
    "priceForOneThis": "50",
    "priceForThis": "1250.00",
    "priceForAllThis": null,
    "x": null,
    "y": null,
    "xInStorage": null,
    "yInStorage": null,
    "price1": null,
    "price2": null,
    "price3": null,
    "price4": null,
    "price5": null,
    "newField1": null,
    "newField2": "310",
    "newField3": "440",
    "newField4": "1",
    "newField5": "25",
    "createdAt": "2025-03-26T14:58:01.000Z",
    "updatedAt": "2025-03-26T14:58:01.000Z",
    "orderId": 134
  },
  {
    "id": null,
    "idKey": 51,
    "name": "Листова продукція з порізкою",
    "type": null,
    "typeUse": null,
    "idInStorageUnit": null,
    "units": null,
    "quantity": null,
    "amount": 10,
    "priceForOneThis": "90",
    "priceForThis": "900.00",
    "priceForAllThis": null,
    "x": null,
    "y": null,
    "xInStorage": null,
    "yInStorage": null,
    "price1": null,
    "price2": null,
    "price3": null,
    "price4": null,
    "price5": null,
    "newField1": null,
    "newField2": "310",
    "newField3": "440",
    "newField4": "1",
    "newField5": "10",
    "createdAt": "2025-03-26T14:58:11.000Z",
    "updatedAt": "2025-03-26T14:58:11.000Z",
    "orderId": 134
  },
  {
    "id": null,
    "idKey": 52,
    "name": "Листова продукція з порізкою",
    "type": null,
    "typeUse": null,
    "idInStorageUnit": null,
    "units": null,
    "quantity": null,
    "amount": 13,
    "priceForOneThis": "47",
    "priceForThis": "611.00",
    "priceForAllThis": null,
    "x": null,
    "y": null,
    "xInStorage": null,
    "yInStorage": null,
    "price1": null,
    "price2": null,
    "price3": null,
    "price4": null,
    "price5": null,
    "newField1": null,
    "newField2": "310",
    "newField3": "440",
    "newField4": "1",
    "newField5": "13",
    "createdAt": "2025-03-26T14:58:30.000Z",
    "updatedAt": "2025-03-26T14:58:30.000Z",
    "orderId": 134
  },
  {
    "id": null,
    "idKey": 53,
    "name": "Листова продукція Ч/Б",
    "type": null,
    "typeUse": null,
    "idInStorageUnit": null,
    "units": null,
    "quantity": null,
    "amount": 750,
    "priceForOneThis": "2.5",
    "priceForThis": "1875.00",
    "priceForAllThis": null,
    "x": null,
    "y": null,
    "xInStorage": null,
    "yInStorage": null,
    "price1": null,
    "price2": null,
    "price3": null,
    "price4": null,
    "price5": null,
    "newField1": null,
    "newField2": "210",
    "newField3": "297",
    "newField4": "1",
    "newField5": "750",
    "createdAt": "2025-03-26T15:00:31.000Z",
    "updatedAt": "2025-03-26T15:00:31.000Z",
    "orderId": 134
  },
  {
    "id": null,
    "idKey": 54,
    "name": "Листова продукція з порізкою",
    "type": null,
    "typeUse": null,
    "idInStorageUnit": null,
    "units": null,
    "quantity": null,
    "amount": 35,
    "priceForOneThis": "67",
    "priceForThis": "2345.00",
    "priceForAllThis": null,
    "x": null,
    "y": null,
    "xInStorage": null,
    "yInStorage": null,
    "price1": null,
    "price2": null,
    "price3": null,
    "price4": null,
    "price5": null,
    "newField1": null,
    "newField2": "310",
    "newField3": "440",
    "newField4": "1",
    "newField5": "35",
    "createdAt": "2025-03-26T15:18:50.000Z",
    "updatedAt": "2025-03-26T15:18:50.000Z",
    "orderId": 134
  },
  {
    "id": null,
    "idKey": 55,
    "name": "Широкоформатна продукція",
    "type": null,
    "typeUse": null,
    "idInStorageUnit": null,
    "units": null,
    "quantity": null,
    "amount": 15,
    "priceForOneThis": "87.15",
    "priceForThis": "1307.25",
    "priceForAllThis": null,
    "x": null,
    "y": null,
    "xInStorage": null,
    "yInStorage": null,
    "price1": null,
    "price2": null,
    "price3": null,
    "price4": null,
    "price5": null,
    "newField1": null,
    "newField2": "420",
    "newField3": "594",
    "newField4": "1",
    "newField5": "15",
    "createdAt": "2025-03-26T15:31:17.000Z",
    "updatedAt": "2025-03-26T15:31:17.000Z",
    "orderId": 134
  },
  {
    "id": null,
    "idKey": 56,
    "name": "Листова продукція з порізкою",
    "type": null,
    "typeUse": null,
    "idInStorageUnit": null,
    "units": null,
    "quantity": null,
    "amount": 11,
    "priceForOneThis": "47",
    "priceForThis": "517.00",
    "priceForAllThis": null,
    "x": null,
    "y": null,
    "xInStorage": null,
    "yInStorage": null,
    "price1": null,
    "price2": null,
    "price3": null,
    "price4": null,
    "price5": null,
    "newField1": null,
    "newField2": "310",
    "newField3": "440",
    "newField4": "1",
    "newField5": "11",
    "createdAt": "2025-03-27T15:03:16.000Z",
    "updatedAt": "2025-03-27T15:03:16.000Z",
    "orderId": 142
  },
  {
    "id": null,
    "idKey": 57,
    "name": "Друк та висічка",
    "type": null,
    "typeUse": null,
    "idInStorageUnit": null,
    "units": null,
    "quantity": null,
    "amount": 50,
    "priceForOneThis": "155.00",
    "priceForThis": "310.00",
    "priceForAllThis": null,
    "x": null,
    "y": null,
    "xInStorage": null,
    "yInStorage": null,
    "price1": null,
    "price2": null,
    "price3": null,
    "price4": null,
    "price5": null,
    "newField1": null,
    "newField2": "60",
    "newField3": "60",
    "newField4": "35",
    "newField5": "2",
    "createdAt": "2025-03-31T13:30:49.000Z",
    "updatedAt": "2025-03-31T13:30:49.000Z",
    "orderId": 156
  },
  {
    "id": null,
    "idKey": 58,
    "name": "Листова продукція з порізкою",
    "type": null,
    "typeUse": null,
    "idInStorageUnit": null,
    "units": null,
    "quantity": null,
    "amount": 1,
    "priceForOneThis": "20",
    "priceForThis": "20.00",
    "priceForAllThis": null,
    "x": null,
    "y": null,
    "xInStorage": null,
    "yInStorage": null,
    "price1": null,
    "price2": null,
    "price3": null,
    "price4": null,
    "price5": null,
    "newField1": null,
    "newField2": "210",
    "newField3": "297",
    "newField4": "1",
    "newField5": "1",
    "createdAt": "2025-04-01T21:01:03.000Z",
    "updatedAt": "2025-04-01T21:01:03.000Z",
    "orderId": 161
  },
  {
    "id": null,
    "idKey": 59,
    "name": "Фото друк",
    "type": null,
    "typeUse": null,
    "idInStorageUnit": null,
    "units": null,
    "quantity": null,
    "amount": 64,
    "priceForOneThis": "768",
    "priceForThis": "768.00",
    "priceForAllThis": null,
    "x": null,
    "y": null,
    "xInStorage": null,
    "yInStorage": null,
    "price1": null,
    "price2": null,
    "price3": null,
    "price4": null,
    "price5": null,
    "newField1": null,
    "newField2": "100",
    "newField3": "150",
    "newField4": "64",
    "newField5": "64",
    "createdAt": "2025-04-02T07:42:13.000Z",
    "updatedAt": "2025-04-02T07:42:13.000Z",
    "orderId": 162
  },
  {
    "id": null,
    "idKey": 60,
    "name": "Фото друк",
    "type": null,
    "typeUse": null,
    "idInStorageUnit": null,
    "units": null,
    "quantity": null,
    "amount": 6,
    "priceForOneThis": "90",
    "priceForThis": "90.00",
    "priceForAllThis": null,
    "x": null,
    "y": null,
    "xInStorage": null,
    "yInStorage": null,
    "price1": null,
    "price2": null,
    "price3": null,
    "price4": null,
    "price5": null,
    "newField1": null,
    "newField2": "100",
    "newField3": "150",
    "newField4": "6",
    "newField5": "6",
    "createdAt": "2025-04-02T07:42:22.000Z",
    "updatedAt": "2025-04-02T07:42:22.000Z",
    "orderId": 162
  },
  {
    "id": null,
    "idKey": 61,
    "name": "Фото друк",
    "type": null,
    "typeUse": null,
    "idInStorageUnit": null,
    "units": null,
    "quantity": null,
    "amount": 15,
    "priceForOneThis": "600",
    "priceForThis": "600.00",
    "priceForAllThis": null,
    "x": null,
    "y": null,
    "xInStorage": null,
    "yInStorage": null,
    "price1": null,
    "price2": null,
    "price3": null,
    "price4": null,
    "price5": null,
    "newField1": null,
    "newField2": "210",
    "newField3": "297",
    "newField4": "15",
    "newField5": "15",
    "createdAt": "2025-04-02T07:42:31.000Z",
    "updatedAt": "2025-04-02T07:42:31.000Z",
    "orderId": 162
  },
  {
    "id": null,
    "idKey": 62,
    "name": "Фото друк",
    "type": null,
    "typeUse": null,
    "idInStorageUnit": null,
    "units": null,
    "quantity": null,
    "amount": 16,
    "priceForOneThis": "320",
    "priceForThis": "320.00",
    "priceForAllThis": null,
    "x": null,
    "y": null,
    "xInStorage": null,
    "yInStorage": null,
    "price1": null,
    "price2": null,
    "price3": null,
    "price4": null,
    "price5": null,
    "newField1": null,
    "newField2": "148",
    "newField3": "210",
    "newField4": "16",
    "newField5": "16",
    "createdAt": "2025-04-02T07:42:41.000Z",
    "updatedAt": "2025-04-02T07:42:41.000Z",
    "orderId": 162
  },
  {
    "id": null,
    "idKey": 63,
    "name": "Листова продукція з порізкою",
    "type": null,
    "typeUse": null,
    "idInStorageUnit": null,
    "units": null,
    "quantity": null,
    "amount": 4,
    "priceForOneThis": "30",
    "priceForThis": "120.00",
    "priceForAllThis": null,
    "x": null,
    "y": null,
    "xInStorage": null,
    "yInStorage": null,
    "price1": null,
    "price2": null,
    "price3": null,
    "price4": null,
    "price5": null,
    "newField1": null,
    "newField2": "210",
    "newField3": "297",
    "newField4": "2",
    "newField5": "2",
    "createdAt": "2025-04-02T07:42:54.000Z",
    "updatedAt": "2025-04-02T07:42:54.000Z",
    "orderId": 162
  },
  {
    "id": null,
    "idKey": 64,
    "name": "Листова продукція з порізкою",
    "type": null,
    "typeUse": null,
    "idInStorageUnit": null,
    "units": null,
    "quantity": null,
    "amount": 2,
    "priceForOneThis": "57",
    "priceForThis": "114.00",
    "priceForAllThis": null,
    "x": null,
    "y": null,
    "xInStorage": null,
    "yInStorage": null,
    "price1": null,
    "price2": null,
    "price3": null,
    "price4": null,
    "price5": null,
    "newField1": null,
    "newField2": "297",
    "newField3": "420",
    "newField4": "1",
    "newField5": "2",
    "createdAt": "2025-04-02T07:43:03.000Z",
    "updatedAt": "2025-04-02T07:43:03.000Z",
    "orderId": 162
  },
  {
    "id": null,
    "idKey": 65,
    "name": "Листова продукція з порізкою",
    "type": null,
    "typeUse": null,
    "idInStorageUnit": null,
    "units": null,
    "quantity": null,
    "amount": 1,
    "priceForOneThis": "20",
    "priceForThis": "20.00",
    "priceForAllThis": null,
    "x": null,
    "y": null,
    "xInStorage": null,
    "yInStorage": null,
    "price1": null,
    "price2": null,
    "price3": null,
    "price4": null,
    "price5": null,
    "newField1": null,
    "newField2": "210",
    "newField3": "297",
    "newField4": "1",
    "newField5": "1",
    "createdAt": "2025-04-03T16:48:21.000Z",
    "updatedAt": "2025-04-03T16:48:21.000Z",
    "orderId": 167
  },
  {
    "id": null,
    "idKey": 66,
    "name": "Листова продукція з порізкою",
    "type": null,
    "typeUse": null,
    "idInStorageUnit": null,
    "units": null,
    "quantity": null,
    "amount": 1,
    "priceForOneThis": "85.7",
    "priceForThis": "85.70",
    "priceForAllThis": null,
    "x": null,
    "y": null,
    "xInStorage": null,
    "yInStorage": null,
    "price1": null,
    "price2": null,
    "price3": null,
    "price4": null,
    "price5": null,
    "newField1": null,
    "newField2": "210",
    "newField3": "297",
    "newField4": "1",
    "newField5": "1",
    "createdAt": "2025-04-03T16:56:25.000Z",
    "updatedAt": "2025-04-03T16:56:25.000Z",
    "orderId": 167
  },
  {
    "id": null,
    "idKey": 67,
    "name": "Друк та висічка",
    "type": null,
    "typeUse": null,
    "idInStorageUnit": null,
    "units": null,
    "quantity": null,
    "amount": 4,
    "priceForOneThis": "110.00",
    "priceForThis": "440.00",
    "priceForAllThis": null,
    "x": null,
    "y": null,
    "xInStorage": null,
    "yInStorage": null,
    "price1": null,
    "price2": null,
    "price3": null,
    "price4": null,
    "price5": null,
    "newField1": null,
    "newField2": "310",
    "newField3": "440",
    "newField4": "1",
    "newField5": "4",
    "createdAt": "2025-04-07T14:54:33.000Z",
    "updatedAt": "2025-04-07T14:54:33.000Z",
    "orderId": 177
  },
  {
    "id": null,
    "idKey": 68,
    "name": "Друк та висічка",
    "type": null,
    "typeUse": null,
    "idInStorageUnit": null,
    "units": null,
    "quantity": null,
    "amount": 4,
    "priceForOneThis": "107.00",
    "priceForThis": "428.00",
    "priceForAllThis": null,
    "x": null,
    "y": null,
    "xInStorage": null,
    "yInStorage": null,
    "price1": null,
    "price2": null,
    "price3": null,
    "price4": null,
    "price5": null,
    "newField1": null,
    "newField2": "310",
    "newField3": "440",
    "newField4": "1",
    "newField5": "4",
    "createdAt": "2025-04-07T14:54:59.000Z",
    "updatedAt": "2025-04-07T14:54:59.000Z",
    "orderId": 177
  },
  {
    "id": null,
    "idKey": 69,
    "name": "Друк та висічка",
    "type": null,
    "typeUse": null,
    "idInStorageUnit": null,
    "units": null,
    "quantity": null,
    "amount": 9,
    "priceForOneThis": "90.00",
    "priceForThis": "810.00",
    "priceForAllThis": null,
    "x": null,
    "y": null,
    "xInStorage": null,
    "yInStorage": null,
    "price1": null,
    "price2": null,
    "price3": null,
    "price4": null,
    "price5": null,
    "newField1": null,
    "newField2": "310",
    "newField3": "440",
    "newField4": "1",
    "newField5": "9",
    "createdAt": "2025-04-07T14:55:23.000Z",
    "updatedAt": "2025-04-07T14:55:23.000Z",
    "orderId": 177
  },
  {
    "id": null,
    "idKey": 70,
    "name": "Листова продукція з порізкою",
    "type": null,
    "typeUse": null,
    "idInStorageUnit": null,
    "units": null,
    "quantity": null,
    "amount": 1,
    "priceForOneThis": "60",
    "priceForThis": "60.00",
    "priceForAllThis": null,
    "x": null,
    "y": null,
    "xInStorage": null,
    "yInStorage": null,
    "price1": null,
    "price2": null,
    "price3": null,
    "price4": null,
    "price5": null,
    "newField1": null,
    "newField2": "210",
    "newField3": "297",
    "newField4": "2",
    "newField5": "1",
    "createdAt": "2025-04-07T14:56:08.000Z",
    "updatedAt": "2025-04-07T14:56:08.000Z",
    "orderId": 177
  },
  {
    "id": null,
    "idKey": 71,
    "name": "Листова продукція з порізкою",
    "type": null,
    "typeUse": null,
    "idInStorageUnit": null,
    "units": null,
    "quantity": null,
    "amount": 350,
    "priceForOneThis": "23.5",
    "priceForThis": "8225.00",
    "priceForAllThis": null,
    "x": null,
    "y": null,
    "xInStorage": null,
    "yInStorage": null,
    "price1": null,
    "price2": null,
    "price3": null,
    "price4": null,
    "price5": null,
    "newField1": null,
    "newField2": "210",
    "newField3": "297",
    "newField4": "2",
    "newField5": "175",
    "createdAt": "2025-04-09T11:13:31.000Z",
    "updatedAt": "2025-04-09T11:13:31.000Z",
    "orderId": 182
  },
  {
    "id": null,
    "idKey": 72,
    "name": "Листова продукція з порізкою",
    "type": null,
    "typeUse": null,
    "idInStorageUnit": null,
    "units": null,
    "quantity": null,
    "amount": 50,
    "priceForOneThis": "35",
    "priceForThis": "1750.00",
    "priceForAllThis": null,
    "x": null,
    "y": null,
    "xInStorage": null,
    "yInStorage": null,
    "price1": null,
    "price2": null,
    "price3": null,
    "price4": null,
    "price5": null,
    "newField1": null,
    "newField2": "210",
    "newField3": "297",
    "newField4": "2",
    "newField5": "25",
    "createdAt": "2025-04-09T11:14:20.000Z",
    "updatedAt": "2025-04-09T11:14:20.000Z",
    "orderId": 182
  },
  {
    "id": null,
    "idKey": 73,
    "name": "Листова продукція з порізкою",
    "type": null,
    "typeUse": null,
    "idInStorageUnit": null,
    "units": null,
    "quantity": null,
    "amount": 35,
    "priceForOneThis": "25.714285714285715",
    "priceForThis": "900.00",
    "priceForAllThis": null,
    "x": null,
    "y": null,
    "xInStorage": null,
    "yInStorage": null,
    "price1": null,
    "price2": null,
    "price3": null,
    "price4": null,
    "price5": null,
    "newField1": null,
    "newField2": "210",
    "newField3": "297",
    "newField4": "2",
    "newField5": "18",
    "createdAt": "2025-04-09T12:24:03.000Z",
    "updatedAt": "2025-04-09T12:24:03.000Z",
    "orderId": 184
  },
  {
    "id": null,
    "idKey": 74,
    "name": "Друк та висічка",
    "type": null,
    "typeUse": null,
    "idInStorageUnit": null,
    "units": null,
    "quantity": null,
    "amount": 27,
    "priceForOneThis": "120.00",
    "priceForThis": "3240.00",
    "priceForAllThis": null,
    "x": null,
    "y": null,
    "xInStorage": null,
    "yInStorage": null,
    "price1": null,
    "price2": null,
    "price3": null,
    "price4": null,
    "price5": null,
    "newField1": null,
    "newField2": "310",
    "newField3": "440",
    "newField4": "1",
    "newField5": "27",
    "createdAt": "2025-04-09T19:49:59.000Z",
    "updatedAt": "2025-04-09T19:49:59.000Z",
    "orderId": 184
  },
  {
    "id": null,
    "idKey": 75,
    "name": "Друк та висічка",
    "type": null,
    "typeUse": null,
    "idInStorageUnit": null,
    "units": null,
    "quantity": null,
    "amount": 27,
    "priceForOneThis": "120.00",
    "priceForThis": "3240.00",
    "priceForAllThis": null,
    "x": null,
    "y": null,
    "xInStorage": null,
    "yInStorage": null,
    "price1": null,
    "price2": null,
    "price3": null,
    "price4": null,
    "price5": null,
    "newField1": null,
    "newField2": "310",
    "newField3": "440",
    "newField4": "1",
    "newField5": "27",
    "createdAt": "2025-04-09T19:50:49.000Z",
    "updatedAt": "2025-04-09T19:50:49.000Z",
    "orderId": 185
  },
  {
    "id": null,
    "idKey": 76,
    "name": "Листова продукція з порізкою",
    "type": null,
    "typeUse": null,
    "idInStorageUnit": null,
    "units": null,
    "quantity": null,
    "amount": 4500,
    "priceForOneThis": "3.3333333333333335",
    "priceForThis": "15000.00",
    "priceForAllThis": null,
    "x": null,
    "y": null,
    "xInStorage": null,
    "yInStorage": null,
    "price1": null,
    "price2": null,
    "price3": null,
    "price4": null,
    "price5": null,
    "newField1": null,
    "newField2": "80",
    "newField3": "80",
    "newField4": "15",
    "newField5": "300",
    "createdAt": "2025-04-12T15:46:20.000Z",
    "updatedAt": "2025-04-12T15:46:20.000Z",
    "orderId": 202
  },
  {
    "id": null,
    "idKey": 77,
    "name": "Листова продукція з порізкою",
    "type": null,
    "typeUse": null,
    "idInStorageUnit": null,
    "units": null,
    "quantity": null,
    "amount": 1,
    "priceForOneThis": "85.2",
    "priceForThis": "85.20",
    "priceForAllThis": null,
    "x": null,
    "y": null,
    "xInStorage": null,
    "yInStorage": null,
    "price1": null,
    "price2": null,
    "price3": null,
    "price4": null,
    "price5": null,
    "newField1": null,
    "newField2": "210",
    "newField3": "297",
    "newField4": "1",
    "newField5": "1",
    "createdAt": "2025-04-13T12:54:39.000Z",
    "updatedAt": "2025-04-13T12:54:39.000Z",
    "orderId": 204
  },
  {
    "id": null,
    "idKey": 78,
    "name": "Широкоформатна продукція",
    "type": null,
    "typeUse": null,
    "idInStorageUnit": null,
    "units": null,
    "quantity": null,
    "amount": 1,
    "priceForOneThis": "174.3",
    "priceForThis": "174.30",
    "priceForAllThis": null,
    "x": null,
    "y": null,
    "xInStorage": null,
    "yInStorage": null,
    "price1": null,
    "price2": null,
    "price3": null,
    "price4": null,
    "price5": null,
    "newField1": null,
    "newField2": "420",
    "newField3": "594",
    "newField4": "1",
    "newField5": "1",
    "createdAt": "2025-04-13T13:01:39.000Z",
    "updatedAt": "2025-04-13T13:01:39.000Z",
    "orderId": 204
  },
  {
    "id": null,
    "idKey": 79,
    "name": "Листова продукція Ч/Б",
    "type": null,
    "typeUse": null,
    "idInStorageUnit": null,
    "units": null,
    "quantity": null,
    "amount": 1,
    "priceForOneThis": "5",
    "priceForThis": "5.00",
    "priceForAllThis": null,
    "x": null,
    "y": null,
    "xInStorage": null,
    "yInStorage": null,
    "price1": null,
    "price2": null,
    "price3": null,
    "price4": null,
    "price5": null,
    "newField1": null,
    "newField2": "210",
    "newField3": "297",
    "newField4": "1",
    "newField5": "1",
    "createdAt": "2025-04-13T13:01:44.000Z",
    "updatedAt": "2025-04-13T13:01:44.000Z",
    "orderId": 204
  },
  {
    "id": null,
    "idKey": 80,
    "name": "Фото друк",
    "type": null,
    "typeUse": null,
    "idInStorageUnit": null,
    "units": null,
    "quantity": null,
    "amount": 1,
    "priceForOneThis": "15",
    "priceForThis": "15.00",
    "priceForAllThis": null,
    "x": null,
    "y": null,
    "xInStorage": null,
    "yInStorage": null,
    "price1": null,
    "price2": null,
    "price3": null,
    "price4": null,
    "price5": null,
    "newField1": null,
    "newField2": "100",
    "newField3": "150",
    "newField4": "1",
    "newField5": "1",
    "createdAt": "2025-04-13T13:02:37.000Z",
    "updatedAt": "2025-04-13T13:02:37.000Z",
    "orderId": 204
  },
  {
    "id": null,
    "idKey": 81,
    "name": "Друк та висічка",
    "type": null,
    "typeUse": null,
    "idInStorageUnit": null,
    "units": null,
    "quantity": null,
    "amount": 1,
    "priceForOneThis": "90.00",
    "priceForThis": "90.00",
    "priceForAllThis": null,
    "x": null,
    "y": null,
    "xInStorage": null,
    "yInStorage": null,
    "price1": null,
    "price2": null,
    "price3": null,
    "price4": null,
    "price5": null,
    "newField1": null,
    "newField2": "310",
    "newField3": "440",
    "newField4": "1",
    "newField5": "1",
    "createdAt": "2025-04-13T13:02:54.000Z",
    "updatedAt": "2025-04-13T13:02:54.000Z",
    "orderId": 204
  },
  {
    "id": null,
    "idKey": 86,
    "name": "Листова продукція з порізкою",
    "type": null,
    "typeUse": null,
    "idInStorageUnit": null,
    "units": null,
    "quantity": null,
    "amount": 318,
    "priceForOneThis": "5.012452830188679",
    "priceForThis": "1593.96",
    "priceForAllThis": null,
    "x": null,
    "y": null,
    "xInStorage": null,
    "yInStorage": null,
    "price1": null,
    "price2": null,
    "price3": null,
    "price4": null,
    "price5": null,
    "newField1": null,
    "newField2": "59",
    "newField3": "88",
    "newField4": "25",
    "newField5": "13",
    "createdAt": "2025-04-15T13:34:03.000Z",
    "updatedAt": "2025-04-15T13:34:03.000Z",
    "orderId": 208
  },
  {
    "id": null,
    "idKey": 87,
    "name": "Листова продукція з порізкою",
    "type": null,
    "typeUse": null,
    "idInStorageUnit": null,
    "units": null,
    "quantity": null,
    "amount": 108,
    "priceForOneThis": "18.5",
    "priceForThis": "1998.00",
    "priceForAllThis": null,
    "x": null,
    "y": null,
    "xInStorage": null,
    "yInStorage": null,
    "price1": null,
    "price2": null,
    "price3": null,
    "price4": null,
    "price5": null,
    "newField1": null,
    "newField2": "210",
    "newField3": "297",
    "newField4": "2",
    "newField5": "54",
    "createdAt": "2025-04-17T08:21:38.000Z",
    "updatedAt": "2025-04-17T08:21:38.000Z",
    "orderId": 214
  },
  {
    "id": null,
    "idKey": 88,
    "name": "Листова продукція з порізкою",
    "type": null,
    "typeUse": null,
    "idInStorageUnit": null,
    "units": null,
    "quantity": null,
    "amount": 94,
    "priceForOneThis": "12",
    "priceForThis": "1128.00",
    "priceForAllThis": null,
    "x": null,
    "y": null,
    "xInStorage": null,
    "yInStorage": null,
    "price1": null,
    "price2": null,
    "price3": null,
    "price4": null,
    "price5": null,
    "newField1": null,
    "newField2": "210",
    "newField3": "297",
    "newField4": "1",
    "newField5": "94",
    "createdAt": "2025-04-18T12:16:13.000Z",
    "updatedAt": "2025-04-18T12:16:13.000Z",
    "orderId": 217
  },
  {
    "id": null,
    "idKey": 89,
    "name": "Листова продукція Ч/Б",
    "type": null,
    "typeUse": null,
    "idInStorageUnit": null,
    "units": null,
    "quantity": null,
    "amount": 120,
    "priceForOneThis": "3",
    "priceForThis": "360.00",
    "priceForAllThis": null,
    "x": null,
    "y": null,
    "xInStorage": null,
    "yInStorage": null,
    "price1": null,
    "price2": null,
    "price3": null,
    "price4": null,
    "price5": null,
    "newField1": null,
    "newField2": "210",
    "newField3": "297",
    "newField4": "1",
    "newField5": "120",
    "createdAt": "2025-04-18T12:16:33.000Z",
    "updatedAt": "2025-04-18T12:16:33.000Z",
    "orderId": 217
  },
  {
    "id": null,
    "idKey": 90,
    "name": "Друк та висічка",
    "type": null,
    "typeUse": null,
    "idInStorageUnit": null,
    "units": null,
    "quantity": null,
    "amount": 7,
    "priceForOneThis": "130.00",
    "priceForThis": "910.00",
    "priceForAllThis": null,
    "x": null,
    "y": null,
    "xInStorage": null,
    "yInStorage": null,
    "price1": null,
    "price2": null,
    "price3": null,
    "price4": null,
    "price5": null,
    "newField1": null,
    "newField2": "310",
    "newField3": "440",
    "newField4": "1",
    "newField5": "7",
    "createdAt": "2025-04-23T09:24:56.000Z",
    "updatedAt": "2025-04-23T09:24:56.000Z",
    "orderId": 232
  },
  {
    "id": null,
    "idKey": 91,
    "name": "Листова продукція з порізкою",
    "type": null,
    "typeUse": null,
    "idInStorageUnit": null,
    "units": null,
    "quantity": null,
    "amount": 1,
    "priceForOneThis": "140",
    "priceForThis": "140.00",
    "priceForAllThis": null,
    "x": null,
    "y": null,
    "xInStorage": null,
    "yInStorage": null,
    "price1": null,
    "price2": null,
    "price3": null,
    "price4": null,
    "price5": null,
    "newField1": null,
    "newField2": "90",
    "newField3": "50",
    "newField4": "24",
    "newField5": "1",
    "createdAt": "2025-04-23T09:25:22.000Z",
    "updatedAt": "2025-04-23T09:25:22.000Z",
    "orderId": 232
  },
  {
    "id": null,
    "idKey": 92,
    "name": "Листова продукція з порізкою",
    "type": null,
    "typeUse": null,
    "idInStorageUnit": null,
    "units": null,
    "quantity": null,
    "amount": 40,
    "priceForOneThis": "47.5",
    "priceForThis": "1900.00",
    "priceForAllThis": null,
    "x": null,
    "y": null,
    "xInStorage": null,
    "yInStorage": null,
    "price1": null,
    "price2": null,
    "price3": null,
    "price4": null,
    "price5": null,
    "newField1": null,
    "newField2": "210",
    "newField3": "297",
    "newField4": "2",
    "newField5": "20",
    "createdAt": "2025-04-23T09:26:31.000Z",
    "updatedAt": "2025-04-23T09:26:31.000Z",
    "orderId": 232
  },
  {
    "id": null,
    "idKey": 93,
    "name": "Листова продукція з порізкою",
    "type": null,
    "typeUse": null,
    "idInStorageUnit": null,
    "units": null,
    "quantity": null,
    "amount": 160,
    "priceForOneThis": "20",
    "priceForThis": "3200.00",
    "priceForAllThis": null,
    "x": null,
    "y": null,
    "xInStorage": null,
    "yInStorage": null,
    "price1": null,
    "price2": null,
    "price3": null,
    "price4": null,
    "price5": null,
    "newField1": null,
    "newField2": "210",
    "newField3": "297",
    "newField4": "1",
    "newField5": "160",
    "createdAt": "2025-04-23T09:27:31.000Z",
    "updatedAt": "2025-04-23T09:27:31.000Z",
    "orderId": 232
  },
  {
    "id": null,
    "idKey": 95,
    "name": "Листова продукція з порізкою",
    "type": null,
    "typeUse": null,
    "idInStorageUnit": null,
    "units": null,
    "quantity": null,
    "amount": 82,
    "priceForOneThis": "37",
    "priceForThis": "3034.00",
    "priceForAllThis": null,
    "x": null,
    "y": null,
    "xInStorage": null,
    "yInStorage": null,
    "price1": null,
    "price2": null,
    "price3": null,
    "price4": null,
    "price5": null,
    "newField1": null,
    "newField2": "310",
    "newField3": "440",
    "newField4": "1",
    "newField5": "82",
    "createdAt": "2025-04-24T11:11:30.000Z",
    "updatedAt": "2025-04-24T11:11:30.000Z",
    "orderId": 233
  },
  {
    "id": null,
    "idKey": 96,
    "name": "Листова продукція з порізкою",
    "type": null,
    "typeUse": null,
    "idInStorageUnit": null,
    "units": null,
    "quantity": null,
    "amount": 39,
    "priceForOneThis": "70",
    "priceForThis": "2730.00",
    "priceForAllThis": null,
    "x": null,
    "y": null,
    "xInStorage": null,
    "yInStorage": null,
    "price1": null,
    "price2": null,
    "price3": null,
    "price4": null,
    "price5": null,
    "newField1": null,
    "newField2": "297",
    "newField3": "420",
    "newField4": "1",
    "newField5": "39",
    "createdAt": "2025-04-24T11:48:18.000Z",
    "updatedAt": "2025-04-24T11:48:18.000Z",
    "orderId": 233
  },
  {
    "id": null,
    "idKey": 98,
    "name": "Листова продукція з порізкою",
    "type": null,
    "typeUse": null,
    "idInStorageUnit": null,
    "units": null,
    "quantity": null,
    "amount": 435,
    "priceForOneThis": "39",
    "priceForThis": "16965.00",
    "priceForAllThis": null,
    "x": null,
    "y": null,
    "xInStorage": null,
    "yInStorage": null,
    "price1": null,
    "price2": null,
    "price3": null,
    "price4": null,
    "price5": null,
    "newField1": null,
    "newField2": "297",
    "newField3": "420",
    "newField4": "1",
    "newField5": "435",
    "createdAt": "2025-05-05T09:55:41.000Z",
    "updatedAt": "2025-05-05T09:55:41.000Z",
    "orderId": 259
  },
  {
    "id": null,
    "idKey": 99,
    "name": "Листова продукція з порізкою",
    "type": null,
    "typeUse": null,
    "idInStorageUnit": null,
    "units": null,
    "quantity": null,
    "amount": 12,
    "priceForOneThis": "120",
    "priceForThis": "1440.00",
    "priceForAllThis": null,
    "x": null,
    "y": null,
    "xInStorage": null,
    "yInStorage": null,
    "price1": null,
    "price2": null,
    "price3": null,
    "price4": null,
    "price5": null,
    "newField1": null,
    "newField2": "297",
    "newField3": "420",
    "newField4": "1",
    "newField5": "12",
    "createdAt": "2025-05-05T09:56:07.000Z",
    "updatedAt": "2025-05-05T09:56:07.000Z",
    "orderId": 259
  },
  {
    "id": null,
    "idKey": 100,
    "name": "Друк та висічка",
    "type": null,
    "typeUse": null,
    "idInStorageUnit": null,
    "units": null,
    "quantity": null,
    "amount": 128,
    "priceForOneThis": "60.00",
    "priceForThis": "7680.00",
    "priceForAllThis": null,
    "x": null,
    "y": null,
    "xInStorage": null,
    "yInStorage": null,
    "price1": null,
    "price2": null,
    "price3": null,
    "price4": null,
    "price5": null,
    "newField1": null,
    "newField2": "310",
    "newField3": "440",
    "newField4": "1",
    "newField5": "128",
    "createdAt": "2025-05-05T09:56:54.000Z",
    "updatedAt": "2025-05-05T09:56:54.000Z",
    "orderId": 259
  },
  {
    "id": null,
    "idKey": 101,
    "name": "Цифровий друк в аркушах",
    "type": null,
    "typeUse": null,
    "idInStorageUnit": null,
    "units": null,
    "quantity": null,
    "amount": 1,
    "priceForOneThis": "20",
    "priceForThis": "20.00",
    "priceForAllThis": null,
    "x": null,
    "y": null,
    "xInStorage": null,
    "yInStorage": null,
    "price1": null,
    "price2": null,
    "price3": null,
    "price4": null,
    "price5": null,
    "newField1": null,
    "newField2": "210",
    "newField3": "297",
    "newField4": "1",
    "newField5": "1",
    "createdAt": "2025-05-06T00:22:23.000Z",
    "updatedAt": "2025-05-06T00:22:23.000Z",
    "orderId": 261
  },
  {
    "id": null,
    "idKey": 102,
    "name": "Цифровий друк в аркушах",
    "type": null,
    "typeUse": null,
    "idInStorageUnit": null,
    "units": null,
    "quantity": null,
    "amount": 10,
    "priceForOneThis": "51.25",
    "priceForThis": "512.50",
    "priceForAllThis": null,
    "x": null,
    "y": null,
    "xInStorage": null,
    "yInStorage": null,
    "price1": null,
    "price2": null,
    "price3": null,
    "price4": null,
    "price5": null,
    "newField1": null,
    "newField2": "210",
    "newField3": "297",
    "newField4": "2",
    "newField5": "5",
    "createdAt": "2025-05-06T00:22:31.000Z",
    "updatedAt": "2025-05-06T00:22:31.000Z",
    "orderId": 261
  },
  {
    "id": null,
    "idKey": 103,
    "name": "Цифровий друк в аркушах",
    "type": null,
    "typeUse": null,
    "idInStorageUnit": null,
    "units": null,
    "quantity": null,
    "amount": 1,
    "priceForOneThis": "20",
    "priceForThis": "20.00",
    "priceForAllThis": null,
    "x": null,
    "y": null,
    "xInStorage": null,
    "yInStorage": null,
    "price1": null,
    "price2": null,
    "price3": null,
    "price4": null,
    "price5": null,
    "newField1": null,
    "newField2": "210",
    "newField3": "297",
    "newField4": "1",
    "newField5": "1",
    "createdAt": "2025-05-06T01:26:41.000Z",
    "updatedAt": "2025-05-06T01:26:41.000Z",
    "orderId": 263
  },
  {
    "id": null,
    "idKey": 106,
    "name": "Цифровий друк в аркушах",
    "type": null,
    "typeUse": null,
    "idInStorageUnit": null,
    "units": null,
    "quantity": null,
    "amount": 1,
    "priceForOneThis": "40",
    "priceForThis": "40.00",
    "priceForAllThis": null,
    "x": null,
    "y": null,
    "xInStorage": null,
    "yInStorage": null,
    "price1": null,
    "price2": null,
    "price3": null,
    "price4": null,
    "price5": null,
    "newField1": null,
    "newField2": "210",
    "newField3": "297",
    "newField4": "1",
    "newField5": "1",
    "createdAt": "2025-05-08T21:43:38.000Z",
    "updatedAt": "2025-05-08T21:43:38.000Z",
    "orderId": 264
  },
  {
    "id": null,
    "idKey": 107,
    "name": "Цифровий друк в аркушах",
    "type": null,
    "typeUse": null,
    "idInStorageUnit": null,
    "units": null,
    "quantity": null,
    "amount": 1,
    "priceForOneThis": "40",
    "priceForThis": "40.00",
    "priceForAllThis": null,
    "x": null,
    "y": null,
    "xInStorage": null,
    "yInStorage": null,
    "price1": null,
    "price2": null,
    "price3": null,
    "price4": null,
    "price5": null,
    "newField1": null,
    "newField2": "210",
    "newField3": "297",
    "newField4": "1",
    "newField5": "1",
    "createdAt": "2025-05-09T00:07:30.000Z",
    "updatedAt": "2025-05-09T00:07:30.000Z",
    "orderId": 264
  },
  {
    "id": null,
    "idKey": 108,
    "name": "Цифровий друк в аркушах",
    "type": null,
    "typeUse": null,
    "idInStorageUnit": null,
    "units": null,
    "quantity": null,
    "amount": 1,
    "priceForOneThis": "40",
    "priceForThis": "40.00",
    "priceForAllThis": null,
    "x": null,
    "y": null,
    "xInStorage": null,
    "yInStorage": null,
    "price1": null,
    "price2": null,
    "price3": null,
    "price4": null,
    "price5": null,
    "newField1": null,
    "newField2": "210",
    "newField3": "297",
    "newField4": "1",
    "newField5": "1",
    "createdAt": "2025-05-09T01:34:47.000Z",
    "updatedAt": "2025-05-09T01:34:47.000Z",
    "orderId": 265
  },
  {
    "id": null,
    "idKey": 109,
    "name": "Цифровий друк в аркушах",
    "type": null,
    "typeUse": null,
    "idInStorageUnit": null,
    "units": null,
    "quantity": null,
    "amount": 1,
    "priceForOneThis": "70",
    "priceForThis": "70.00",
    "priceForAllThis": null,
    "x": null,
    "y": null,
    "xInStorage": null,
    "yInStorage": null,
    "price1": null,
    "price2": null,
    "price3": null,
    "price4": null,
    "price5": null,
    "newField1": null,
    "newField2": "210",
    "newField3": "297",
    "newField4": "2",
    "newField5": "1",
    "createdAt": "2025-05-09T01:54:53.000Z",
    "updatedAt": "2025-05-09T01:54:53.000Z",
    "orderId": 268
  },
  {
    "id": null,
    "idKey": 110,
    "name": "Цифровий друк в аркушах",
    "type": null,
    "typeUse": null,
    "idInStorageUnit": null,
    "units": null,
    "quantity": null,
    "amount": 1,
    "priceForOneThis": "70",
    "priceForThis": "77.00",
    "priceForAllThis": null,
    "x": null,
    "y": null,
    "xInStorage": null,
    "yInStorage": null,
    "price1": null,
    "price2": null,
    "price3": null,
    "price4": null,
    "price5": null,
    "newField1": null,
    "newField2": "210",
    "newField3": "297",
    "newField4": "2",
    "newField5": "1",
    "createdAt": "2025-05-09T02:38:32.000Z",
    "updatedAt": "2025-05-09T02:38:32.000Z",
    "orderId": 265
  },
  {
    "id": null,
    "idKey": 111,
    "name": "Цифровий друк в аркушах",
    "type": null,
    "typeUse": null,
    "idInStorageUnit": null,
    "units": null,
    "quantity": null,
    "amount": 1,
    "priceForOneThis": "40",
    "priceForThis": "40.00",
    "priceForAllThis": null,
    "x": null,
    "y": null,
    "xInStorage": null,
    "yInStorage": null,
    "price1": null,
    "price2": null,
    "price3": null,
    "price4": null,
    "price5": null,
    "newField1": null,
    "newField2": "210",
    "newField3": "297",
    "newField4": "1",
    "newField5": "1",
    "createdAt": "2025-05-09T03:10:11.000Z",
    "updatedAt": "2025-05-09T03:10:11.000Z",
    "orderId": 269
  },
  {
    "id": null,
    "idKey": 112,
    "name": "Продукція чорно-білого друку в аркушах",
    "type": null,
    "typeUse": null,
    "idInStorageUnit": null,
    "units": null,
    "quantity": null,
    "amount": 1,
    "priceForOneThis": "17",
    "priceForThis": "17.00",
    "priceForAllThis": null,
    "x": null,
    "y": null,
    "xInStorage": null,
    "yInStorage": null,
    "price1": null,
    "price2": null,
    "price3": null,
    "price4": null,
    "price5": null,
    "newField1": null,
    "newField2": "297",
    "newField3": "420",
    "newField4": "1",
    "newField5": "1",
    "createdAt": "2025-05-09T08:58:37.000Z",
    "updatedAt": "2025-05-09T08:58:37.000Z",
    "orderId": 266
  },
  {
    "id": null,
    "idKey": 113,
    "name": "Продукція широкоформатного друку в аркушах",
    "type": null,
    "typeUse": null,
    "idInStorageUnit": null,
    "units": null,
    "quantity": null,
    "amount": 1,
    "priceForOneThis": "51.8",
    "priceForThis": "51.80",
    "priceForAllThis": null,
    "x": null,
    "y": null,
    "xInStorage": null,
    "yInStorage": null,
    "price1": null,
    "price2": null,
    "price3": null,
    "price4": null,
    "price5": null,
    "newField1": null,
    "newField2": "123",
    "newField3": "600",
    "newField4": "1",
    "newField5": "1",
    "createdAt": "2025-05-09T09:49:16.000Z",
    "updatedAt": "2025-05-09T09:49:16.000Z",
    "orderId": 266
  },
  {
    "id": null,
    "idKey": 114,
    "name": "Фотографія",
    "type": null,
    "typeUse": null,
    "idInStorageUnit": null,
    "units": null,
    "quantity": null,
    "amount": 1,
    "priceForOneThis": "15",
    "priceForThis": "15.00",
    "priceForAllThis": null,
    "x": null,
    "y": null,
    "xInStorage": null,
    "yInStorage": null,
    "price1": null,
    "price2": null,
    "price3": null,
    "price4": null,
    "price5": null,
    "newField1": null,
    "newField2": "100",
    "newField3": "150",
    "newField4": "1",
    "newField5": "1",
    "createdAt": "2025-05-09T10:00:35.000Z",
    "updatedAt": "2025-05-09T10:00:35.000Z",
    "orderId": 266
  },
  {
    "id": null,
    "idKey": 115,
    "name": "Цифровий друк в аркушах",
    "type": null,
    "typeUse": null,
    "idInStorageUnit": null,
    "units": null,
    "quantity": null,
    "amount": 1,
    "priceForOneThis": "53",
    "priceForThis": "53.00",
    "priceForAllThis": null,
    "x": null,
    "y": null,
    "xInStorage": null,
    "yInStorage": null,
    "price1": null,
    "price2": null,
    "price3": null,
    "price4": null,
    "price5": null,
    "newField1": null,
    "newField2": "297",
    "newField3": "420",
    "newField4": "1",
    "newField5": "1",
    "createdAt": "2025-05-09T14:10:47.000Z",
    "updatedAt": "2025-05-09T14:10:47.000Z",
    "orderId": 267
  },
  {
    "id": null,
    "idKey": 116,
    "name": "Цифровий друк в аркушах",
    "type": null,
    "typeUse": null,
    "idInStorageUnit": null,
    "units": null,
    "quantity": null,
    "amount": 1,
    "priceForOneThis": "40",
    "priceForThis": "40.00",
    "priceForAllThis": null,
    "x": null,
    "y": null,
    "xInStorage": null,
    "yInStorage": null,
    "price1": null,
    "price2": null,
    "price3": null,
    "price4": null,
    "price5": null,
    "newField1": null,
    "newField2": "210",
    "newField3": "297",
    "newField4": "1",
    "newField5": "1",
    "createdAt": "2025-05-11T23:44:38.000Z",
    "updatedAt": "2025-05-11T23:44:38.000Z",
    "orderId": 269
  },
  {
    "id": null,
    "idKey": 117,
    "name": "Цифровий друк в аркушах",
    "type": null,
    "typeUse": null,
    "idInStorageUnit": null,
    "units": null,
    "quantity": null,
    "amount": 16,
    "priceForOneThis": "8.75",
    "priceForThis": "140.00",
    "priceForAllThis": null,
    "x": null,
    "y": null,
    "xInStorage": null,
    "yInStorage": null,
    "price1": null,
    "price2": null,
    "price3": null,
    "price4": null,
    "price5": null,
    "newField1": null,
    "newField2": "100",
    "newField3": "150",
    "newField4": "8",
    "newField5": "2",
    "createdAt": "2025-05-11T23:44:43.000Z",
    "updatedAt": "2025-05-11T23:44:43.000Z",
    "orderId": 269
  },
  {
    "id": null,
    "idKey": 118,
    "name": "Цифровий друк в аркушах",
    "type": null,
    "typeUse": null,
    "idInStorageUnit": null,
    "units": null,
    "quantity": null,
    "amount": 43,
    "priceForOneThis": "78.74418604651163",
    "priceForThis": "3386.00",
    "priceForAllThis": null,
    "x": null,
    "y": null,
    "xInStorage": null,
    "yInStorage": null,
    "price1": null,
    "price2": null,
    "price3": null,
    "price4": null,
    "price5": null,
    "newField1": null,
    "newField2": "210",
    "newField3": "297",
    "newField4": "2",
    "newField5": "22",
    "createdAt": "2025-05-12T04:29:43.000Z",
    "updatedAt": "2025-05-12T04:29:43.000Z",
    "orderId": 269
  },
  {
    "id": null,
    "idKey": 119,
    "name": "Цифровий друк в аркушах",
    "type": null,
    "typeUse": null,
    "idInStorageUnit": null,
    "units": null,
    "quantity": null,
    "amount": 1,
    "priceForOneThis": "238.7",
    "priceForThis": "249.70",
    "priceForAllThis": null,
    "x": null,
    "y": null,
    "xInStorage": null,
    "yInStorage": null,
    "price1": null,
    "price2": null,
    "price3": null,
    "price4": null,
    "price5": null,
    "newField1": null,
    "newField2": "310",
    "newField3": "440",
    "newField4": "1",
    "newField5": "1",
    "createdAt": "2025-05-12T04:54:53.000Z",
    "updatedAt": "2025-05-12T04:54:53.000Z",
    "orderId": 269
  },
  {
    "id": null,
    "idKey": 120,
    "name": "Продукція широкоформатного друку в аркушах",
    "type": null,
    "typeUse": null,
    "idInStorageUnit": null,
    "units": null,
    "quantity": null,
    "amount": 1,
    "priceForOneThis": "700",
    "priceForThis": "700.00",
    "priceForAllThis": null,
    "x": null,
    "y": null,
    "xInStorage": null,
    "yInStorage": null,
    "price1": null,
    "price2": null,
    "price3": null,
    "price4": null,
    "price5": null,
    "newField1": null,
    "newField2": "841",
    "newField3": "1189",
    "newField4": "1",
    "newField5": "1",
    "createdAt": "2025-05-12T04:55:29.000Z",
    "updatedAt": "2025-05-12T04:55:29.000Z",
    "orderId": 269
  },
  {
    "id": null,
    "idKey": 121,
    "name": "Цифровий друк в аркушах",
    "type": null,
    "typeUse": null,
    "idInStorageUnit": null,
    "units": null,
    "quantity": null,
    "amount": 5,
    "priceForOneThis": "40",
    "priceForThis": "200.00",
    "priceForAllThis": null,
    "x": null,
    "y": null,
    "xInStorage": null,
    "yInStorage": null,
    "price1": null,
    "price2": null,
    "price3": null,
    "price4": null,
    "price5": null,
    "newField1": null,
    "newField2": "210",
    "newField3": "297",
    "newField4": "1",
    "newField5": "5",
    "createdAt": "2025-05-15T20:07:49.000Z",
    "updatedAt": "2025-05-15T20:07:49.000Z",
    "orderId": 267
  },
  {
    "id": null,
    "idKey": 122,
    "name": "Цифровий друк в аркушах",
    "type": null,
    "typeUse": null,
    "idInStorageUnit": null,
    "units": null,
    "quantity": null,
    "amount": 1,
    "priceForOneThis": "238.7",
    "priceForThis": "238.70",
    "priceForAllThis": null,
    "x": null,
    "y": null,
    "xInStorage": null,
    "yInStorage": null,
    "price1": null,
    "price2": null,
    "price3": null,
    "price4": null,
    "price5": null,
    "newField1": null,
    "newField2": "310",
    "newField3": "440",
    "newField4": "1",
    "newField5": "1",
    "createdAt": "2025-05-16T19:32:06.000Z",
    "updatedAt": "2025-05-16T19:32:06.000Z",
    "orderId": 269
  }
]